title,make,model,trim ,year,mileagekm,location,fueltype,registeredcity,color,enginecapacitycc,assembly,automatic,pricePKR
Toyota Corolla SE Saloon Automatic 2004,Toyota,Corolla,SE Saloon Automatic  ,2004,186000,Husaini chowk Ranger market hasil pur road,Petrol,Karachi,White,1600,,Automatic,120000
Toyota Corolla Altis Grande CVT-i 1.8 2016,Toyota,Corolla,Altis Grande CVT-i 1.8 ,2016,159000,,Petrol,Punjab,White,1800,,Automatic,310000
Toyota Raize 2021,Toyota,Raize,    ,2021,1700,189-B PakArab Society Ferozpur Road15-A Moulana Shoukat Ali Road,Petrol,Un-Registered,Red,1000,Imported,Automatic,439500
Honda Civic VTi Oriel 1.6 2004,Honda,Civic,VTi Oriel 1.6  ,2004,285000,,Petrol,Sialkot,Grey,1600,,,137500
Toyota Vitz F 1.0 2018,Toyota,Vitz,F 1   ,2018,38000,Hockey Stadium Near Gourmet Bakery,Petrol,Lahore,White,1000,,Automatic,275000
Honda Vezel Hybrid Z Honda Sensing  2015,Honda,Vezel,Hybrid Z Honda Sensing ,2015,80000,"New M.A jinnah road, karachi, sindh, pakistan",Petrol,Karachi,White,1500,Imported,Automatic,395000
Suzuki Bolan 2021,Suzuki,Bolan,    ,2021,14000,,Petrol,Islamabad,White,1000,,,127000
Honda Civic VTi Oriel Automatic 1.6 2000,Honda,Civic,VTi Oriel Automatic 1.6 ,2000,257000,,Petrol,Islamabad,Grey,1600,,Automatic,114500
Suzuki Cultus EURO II 2014,Suzuki,Cultus,EURO II   ,2014,58750,,Petrol,Karachi,Grey,1000,,,115000
Toyota Corolla GLi 1.3 2002,Toyota,Corolla,GLi 1.3   ,2002,110000,,,Islamabad,Silver,1300,,,149000
Honda Vezel Hybrid Z Honda Sensing  2016,Honda,Vezel,Hybrid Z Honda Sensing ,2016,68000,,Petrol,Islamabad,White,1500,Imported,Automatic,425000
Toyota Corolla GLi Automatic 1.6 VVTi 2012,Toyota,Corolla,GLi Automatic 1.6 VVTi ,2012,93000,,Petrol,Punjab,Olive Mica,1600,,Automatic,240000
Toyota Corolla XLi 2008,Toyota,Corolla,XLi    ,2008,110000,,Petrol,Punjab,White,1300,,,198000
Honda City 1.3 i-VTEC 2021,Honda,City,1.3 i-VTEC   ,2021,15770,Multan,Petrol,Un-Registered,White,1300,,,270000
Suzuki Mehran VXR (CNG) 2010,Suzuki,Mehran,VXR (CNG)   ,2010,120000,,Petrol,Islamabad,Silver,800,,,67000
Nissan Note X 2016,Nissan,Note,X    ,2016,79000,37-A Main Boulevard Shok Chowk Johar Town Lahore.,,Punjab,Black,1200,Imported,Automatic,315000
Honda Civic VTi Oriel Prosmatec 1.8 i-VTEC 2007,Honda,Civic,VTi Oriel Prosmatec 1.8 i-VTEC,2007,10000,,Petrol,Karachi,Grey,1800,,Automatic,157000
Suzuki Cultus VXL 2020,Suzuki,Cultus,VXL    ,2022,31000,Jail Road,Petrol,Punjab,White,1000,,,235000
Toyota Land Cruiser ZX 2017,Toyota,Land,Cruiser ZX   ,2017,39000,23-A Moulana Shoukat Ali Road Johar Town Lahore.,Petrol,Un-Registered,Pearl Black,4600,Imported,Automatic,35100000
Honda Civic Oriel 2022,Honda,Civic,Oriel    ,2022,10,,Petrol,Un-Registered,White,1500,,Automatic,605000
Toyota Hiace GL 2012,Toyota,Hiace,GL    ,2012,150000,,Petrol,Punjab,Silver,2700,Imported,Automatic,400000
KIA Picanto 1.0 MT 2021,KIA,Picanto,1 MT   ,2021,17500,,Petrol,Punjab,Silver,1000,,,218500
Toyota Hilux Revo V Automatic 2.8 2020,Toyota,Hilux,Revo V Automatic 2.8 ,2020,21000,"34-A, Jail Road Lahore",,Lahore,Black,2800,,Automatic,825000
Honda City 1.3 i-VTEC Prosmatec 2019,Honda,City,1.3 i-VTEC Prosmatec  ,2019,47000,G/11 Markaz Near Punjab Bank Islamabad,Petrol,Islamabad,White,1300,,Automatic,279500
Toyota Aqua 2019,Toyota,Aqua,    ,2019,46000,,,Un-Registered,Blue,1500,Imported,Automatic,378000
Toyota Corolla Altis Automatic 1.6 2021,Toyota,Corolla,Altis Automatic 1.6  ,2021,5000,,Petrol,Un-Registered,White,1600,,Automatic,387500
Toyota Hilux Revo V Automatic 2.8 2021,Toyota,Hilux,Revo V Automatic 2.8 ,2021,15000,3-B Main Jail Road Lahore,,Punjab,Black,2800,,Automatic,935000
Suzuki Alto VXR (CNG) 2009,Suzuki,Alto,VXR (CNG)   ,2009,100000,,Petrol,Karachi,Olive Green,1000,,,73000
Suzuki Cultus VXR 2005,Suzuki,Cultus,VXR    ,2005,496000,,Petrol,Faisalabad,Silver,1000,,,55000
Honda City 2010,Honda,City,    ,2010,100000,,Petrol,Lahore,Grey,1300,,,160000
Suzuki Khyber Limited Edition 1989,Suzuki,Khyber,Limited Edition   ,1989,150000,,Petrol,Lahore,Grey,1000,Imported,,35000
Suzuki Liana LXi 2008,Suzuki,Liana,LXi    ,2008,110355,,Petrol,Islamabad,White,1300,,,113000
Suzuki Wagon R VXL 2022,Suzuki,Wagon,R VXL   ,2022,115,,Petrol,Punjab,White,1000,,,240000
Toyota Hiace 2009,Toyota,Hiace,    ,2009,300000,,Petrol,Lahore,Silver,2700,Imported,Automatic,320000
Honda Freed + Hybrid G Honda Sensing 2012,Honda,Freed,+ Hybrid G Honda Sensing,2012,150000,,,Islamabad,Turquoise,1500,Imported,Automatic,255000
Nissan Juke 15RS 2010,Nissan,Juke,15RS    ,2010,115000,,Petrol,Karachi,White,1500,Imported,Automatic,216500
Honda Civic Oriel 2022,Honda,Civic,Oriel    ,2022,5,,Petrol,Un-Registered,Silver,1500,,Automatic,605000
Toyota Corolla XLi VVTi Limited Edition 2011,Toyota,Corolla,XLi VVTi Limited Edition ,2011,220000,,Petrol,Islamabad,White,1300,,,195000
KIA Picanto 1.0 AT 2021,KIA,Picanto,1 AT   ,2021,2501,,Petrol,Punjab,Blue,1000,Imported,Automatic,270000
KIA Sportage AWD 2021,KIA,Sportage,AWD    ,2021,24000,,Petrol,Islamabad,Black,2000,,Automatic,610000
Honda Civic 1.8 i-VTEC CVT 2018,Honda,Civic,1.8 i-VTEC CVT  ,2018,100000,,Petrol,Karachi,White,1800,Imported,Automatic,360000
Toyota Corolla GLi 1.3 VVTi 2009,Toyota,Corolla,GLi 1.3 VVTi  ,2009,144000,,Petrol,Lahore,Green,1300,,,178000
Changan Alsvin 1.5L DCT Lumiere 2022,Changan,Alsvin,1.5L DCT Lumiere  ,2022,5,,Petrol,Un-Registered,White,1500,,Automatic,308000
Daihatsu Cuore CX Ecomatic 2007,Daihatsu,Cuore,CX Ecomatic   ,2007,112000,Husaini chowk Ranger market hasil pur road,Petrol,Lahore,White,800,,Automatic,75000
Toyota Corolla Altis Automatic 1.6 2020,Toyota,Corolla,Altis Automatic 1.6  ,2020,40000,"Goga Car Classic  Shop No. 5, 45- Fayyaz Plaza, Near PIA Building, Fazl-haq Road, Blue Area, Islamabad.03006088001",Petrol,Islamabad,White,1600,,Automatic,380000
Toyota Passo G 1.0 2006,Toyota,Passo,G 1   ,2006,98000,,Petrol,Karachi,Silver,1000,Imported,Automatic,122500
Proton X70 Premium FWD 2021,Proton,X70,Premium FWD   ,2021,17000,"12A Ronaq Trade Centre, Service Lane Shop No. 4&5",Petrol,Sindh,White,1500,Imported,Automatic,659000
Toyota Hilux Revo V Automatic 3.0  2017,Toyota,Hilux,Revo V Automatic 3 ,2017,60000,"34-A, Jail Road Lahore",,Islamabad,Black,3000,,Automatic,720000
Suzuki Cultus EURO II 2008,Suzuki,Cultus,EURO II   ,2008,2586,,Petrol,Lahore,Maroon,1000,,,85000
Suzuki APV GLX 2007,Suzuki,APV,GLX    ,2007,172900,,Petrol,Lahore,Gold,1500,,,145000
Suzuki Bolan VX Euro II 2016,Suzuki,Bolan,VX Euro II  ,2016,59500,,Petrol,Lahore,White,800,,,89000
Suzuki Mehran VXR (CNG) 2010,Suzuki,Mehran,VXR (CNG)   ,2010,20000,,Petrol,Lahore,Grey,800,,,65000
Honda Vezel Hybrid Z Honda Sensing  2016,Honda,Vezel,Hybrid Z Honda Sensing ,2016,39780,,,Un-Registered,Silver,1500,Imported,Automatic,507500
Honda Civic Oriel 1.8 i-VTEC CVT 2018,Honda,Civic,Oriel 1.8 i-VTEC CVT ,2018,52000,,Petrol,Punjab,White,1800,,Automatic,385000
Suzuki Bolan VX Euro II 2021,Suzuki,Bolan,VX Euro II  ,2021,7000,,Petrol,Islamabad,White,800,,,128000
Honda Civic RS 2022,Honda,Civic,RS    ,2022,5,,Petrol,Un-Registered,Grey,1500,,Automatic,735000
Honda Civic VTi 1.8 i-VTEC 2012,Honda,Civic,VTi 1.8 i-VTEC  ,2012,117000,,Petrol,Islamabad,Silver,1800,,,230000
Suzuki Wagon R VXL 2016,Suzuki,Wagon,R VXL   ,2016,890000,,Petrol,Lahore,Silver,1000,,,155000
Honda BR-V i-VTEC S 2022,Honda,BR-V,i-VTEC S   ,2022,1,,Petrol,Islamabad,White,1500,,Automatic,430000
Suzuki Bolan 2011,Suzuki,Bolan,    ,2011,60000,,Petrol,Rawalpindi,White,800,,,98500
Suzuki Alto VXL AGS 2022,Suzuki,Alto,VXL AGS   ,2022,45,,Petrol,Un-Registered,Silver,660,,Automatic,220000
Toyota Corolla XLi VVTi 2017,Toyota,Corolla,XLi VVTi   ,2017,54000,,Petrol,Islamabad,White,1300,,,259000
FAW X-PV Standard 2017,FAW,X-PV,Standard    ,2017,30000,,Petrol,Punjab,Silver,1000,,,85000
Toyota Surf SSR-G 3.4 2003,Toyota,Surf,SSR-G 3.4   ,2003,162000,6th road near Nawaz Sharif park,Petrol,Lahore,White,3400,Imported,Automatic,695000
Honda Civic Oriel Prosmatec UG 2015,Honda,Civic,Oriel Prosmatec UG  ,2015,142000,,Petrol,Islamabad,Black,1800,,Automatic,280000
Toyota Prado RZ 3.0D (3-Door) 1996,Toyota,Prado,RZ 3.0D (3-Door)  ,1996,98000,,,Multan,Red,3000,Imported,Automatic,295000
Toyota Passo X G Package 2013,Toyota,Passo,X G Package  ,2013,100000,,Petrol,Islamabad,Silver,1000,Imported,Automatic,205000
Suzuki Liana LXi 2007,Suzuki,Liana,LXi    ,2007,147000,,Petrol,Karachi,White,1300,,,83500
Changan Alsvin 1.5L DCT Lumiere 2022,Changan,Alsvin,1.5L DCT Lumiere  ,2022,10,jail road Lahore,Petrol,Un-Registered,Grey,1500,,Automatic,
Toyota Corolla XLi VVTi 2010,Toyota,Corolla,XLi VVTi   ,2010,130000,,Petrol,Sindh,Black,1300,,,154000
Honda CR-Z Sports Hybrid Alpha 2021,Honda,CR-Z,Sports Hybrid Alpha  ,2021,67000,Main Boulevard DHA Lahore,Petrol,Lahore,Yellow,1500,Imported,Automatic,242500
Honda City Aspire 1.5 i-VTEC 2013,Honda,City,Aspire 1.5 i-VTEC  ,2013,82000,,Petrol,Karachi,Black,1500,,,200000
Suzuki Hustler G 2019,Suzuki,Hustler,G    ,2019,38000,37-A Main Boulevard Shok Chowk Johar Town Lahore.,Petrol,Un-Registered,Green,660,Imported,Automatic,245000
Toyota Corolla GLi 1.3 VVTi 2010,Toyota,Corolla,GLi 1.3 VVTi  ,2010,177000,,Petrol,Sindh,Grey,1300,,,159500
Toyota Prado TX 2.7 2011,Toyota,Prado,TX 2.7   ,2011,90000,6th road near Nawaz Sharif park,Petrol,Lahore,Black,2700,Imported,Automatic,12600000
Toyota Aqua G 2013,Toyota,Aqua,G    ,2013,110846,,,Karachi,White,1500,Imported,Automatic,255000
Toyota Prado TZ 3.4 2004,Toyota,Prado,TZ 3.4   ,2004,130000,,Petrol,Lahore,White,3400,Imported,Automatic,800000
Toyota Belta X S Package 1.0 2012,Toyota,Belta,X S Package 1 ,2012,170000,,Petrol,Karachi,White,1000,Imported,Automatic,155000
Toyota Hilux Revo V Automatic 2.8 2022,Toyota,Hilux,Revo V Automatic 2.8 ,2022,10,,,Un-Registered,Black,2800,,Automatic,920000
MG HS 1.5 Turbo 2020,MG,HS,1.5 Turbo   ,2020,5000,"22/23 Johar Town, Moulana Shaukat Ali Road",Petrol,Lahore,White,1500,Imported,Automatic,615000
Honda Civic VTi Prosmatec 1.8 i-VTEC 2014,Honda,Civic,VTi Prosmatec 1.8 i-VTEC ,2014,97000,,Petrol,Karachi,White,1800,,Automatic,260000
Toyota Hilux D-4D Automatic 2006,Toyota,Hilux,D-4D Automatic   ,2006,118000,827-C Faisal Town Molana Shaukat Ali Road,,Karachi,Black,3000,Imported,Automatic,348000
Suzuki Wagon R VXR 2015,Suzuki,Wagon,R VXR   ,2015,129000,,Petrol,Islamabad,White,1000,,,152500
Honda Civic VTi Oriel Prosmatec 1.8 i-VTEC 2014,Honda,Civic,VTi Oriel Prosmatec 1.8 i-VTEC,2014,86000,,Petrol,Karachi,Black,1800,,Automatic,246500
Honda Civic Oriel 2022,Honda,Civic,Oriel    ,2022,5,,Petrol,Un-Registered,Grey,1500,,Automatic,605000
Toyota Surf SSR-X 3.4 2004,Toyota,Surf,SSR-X 3.4   ,2004,125000,,Petrol,Islamabad,Silver,3400,Imported,Automatic,550000
Honda Civic Oriel Prosmatec UG 2015,Honda,Civic,Oriel Prosmatec UG  ,2015,160000,,Petrol,Islamabad,White,1800,,Automatic,297500
Toyota C-HR 2017,Toyota,C-HR,    ,2017,5000,,,Un-Registered,White,1800,Imported,Automatic,669500
Suzuki Swift DLX 1.3 2019,Suzuki,Swift,DLX 1.3   ,2019,31000,,Petrol,Gujar Khan,White,1300,,,198000
Honda Civic VTi 1.8 i-VTEC 2007,Honda,Civic,VTi 1.8 i-VTEC  ,2007,195000,,Petrol,Lahore,Green,1800,,,145000
Changan Alsvin 1.5L DCT Lumiere 2022,Changan,Alsvin,1.5L DCT Lumiere  ,2022,5,,Petrol,Un-Registered,Silver,1500,,Automatic,300000
Toyota Aqua G 2013,Toyota,Aqua,G    ,2013,110646,,,Karachi,White,1500,Imported,Automatic,255000
Suzuki Cultus VXRi 2010,Suzuki,Cultus,VXRi    ,2010,150000,,Petrol,Lahore,Silver,1000,,,88000
Mercedes Benz E Class E200 2006,Mercedes,Benz,E Class E200  ,2006,95000,827-C Faisal Town Molana Shaukat Ali Road,Petrol,Lahore,Black,1800,Imported,Automatic,360000
Suzuki Wagon R 2014,Suzuki,Wagon,R    ,2014,69000,,Petrol,Karachi,Burgundy,660,Imported,Automatic,155000
Honda City Aspire 1.3 i-VTEC 2016,Honda,City,Aspire 1.3 i-VTEC  ,2016,90000,G/11 Markaz Near Punjab Bank Islamabad,Petrol,Islamabad,White,1300,,,229500
Toyota Corolla GLi 1.3 VVTi 2015,Toyota,Corolla,GLi 1.3 VVTi  ,2015,26000,,Petrol,Islamabad,Grey,1300,,,295000
Toyota Prado TX 2.7 2003,Toyota,Prado,TX 2.7   ,2003,125000,Main Boulevard DHA Lahore,Petrol,Lahore,Silver,2700,Imported,Automatic,580000
Toyota Yaris Cross Hybrid Z 2020,Toyota,Yaris,Cross Hybrid Z  ,2020,29000,"50-E, Moulana Shaukat Ali Road, Johar town Lahore",,Un-Registered,Silver,1500,Imported,Automatic,367500
Honda Vezel 2014,Honda,Vezel,    ,2014,76000,,Petrol,Islamabad,White,1500,Imported,Automatic,370000
KIA Picanto 1.0 AT 2021,KIA,Picanto,1 AT   ,2021,4700,,Petrol,Punjab,White,1000,,Automatic,252500
Toyota Vitz F 1.3 2005,Toyota,Vitz,F 1.3   ,2005,160000,,Petrol,Multan,Silver,1300,Imported,Automatic,142500
Suzuki Cultus Limited Edition 2016,Suzuki,Cultus,Limited Edition   ,2016,65000,,Petrol,Sindh,White,1000,,,128000
Toyota Hilux Revo V Automatic 2.8 2020,Toyota,Hilux,Revo V Automatic 2.8 ,2020,21000,Jail road Lahore,,Lahore,Black,2800,,Automatic,860000
Toyota Hilux Revo V Automatic 2.8 2020,Toyota,Hilux,Revo V Automatic 2.8 ,2020,18800,"Shara e Quaideen Road,Karachi",,Karachi,White,2800,,Automatic,
Toyota Corolla Altis Grande CVT-i 1.8 2018,Toyota,Corolla,Altis Grande CVT-i 1.8 ,2018,64000,,Petrol,Karachi,White,1800,,Automatic,355000
Suzuki Wagon R VXL 2017,Suzuki,Wagon,R VXL   ,2017,69000,,Petrol,Rawalpindi,Grey,1000,,,165000
Toyota Corolla GLi 1.3 VVTi 2010,Toyota,Corolla,GLi 1.3 VVTi  ,2010,164000,,Petrol,Karachi,Gold,1300,,,149000
Toyota Corolla Altis Grande CVT-i 1.8 2014,Toyota,Corolla,Altis Grande CVT-i 1.8 ,2014,91000,,Petrol,Lahore,White,1800,Imported,Automatic,279000
Hyundai Tucson FWD A/T GLS Sport 2022,Hyundai,Tucson,FWD A/T GLS Sport ,2022,1,,Petrol,Un-Registered,White,2000,,Automatic,655000
Honda Civic VTi 1.8 i-VTEC 2009,Honda,Civic,VTi 1.8 i-VTEC  ,2009,153000,,Petrol,Lahore,Black,1800,,,165000
Suzuki Alto VXR 2022,Suzuki,Alto,VXR    ,2022,25,,Petrol,Un-Registered,Silver,660,,,180000
Honda City 1.5L CVT 2022,Honda,City,1.5L CVT   ,2022,1,,Petrol,Un-Registered,Grey,1500,,Automatic,352000
Toyota Corolla SE Limited 1994,Toyota,Corolla,SE Limited   ,1994,81595,,Petrol,Un-Registered,Navy,1600,Imported,,132000
Mitsubishi Ek Wagon 2011,Mitsubishi,Ek,Wagon    ,2011,62405,,Petrol,Lahore,Silver,660,Imported,Automatic,147500
Daihatsu Mira L 2018,Daihatsu,Mira,L    ,2018,34000,37-A Main Boulevard Shok Chowk Johar Town Lahore.,Petrol,Un-Registered,Black,660,Imported,Automatic,225000
Honda Civic Oriel 2022,Honda,Civic,Oriel    ,2022,5,,Petrol,Un-Registered,Black,1500,,Automatic,605000
Toyota Corolla XLi VVTi 2017,Toyota,Corolla,XLi VVTi   ,2017,30000,,Petrol,Islamabad,White,1300,,,295000
Changan Karvaan Plus 2022,Changan,Karvaan,Plus    ,2022,5,,Petrol,Un-Registered,White,1000,,,212500
Suzuki Cultus VXR 2007,Suzuki,Cultus,VXR    ,2007,100000,,Petrol,Lahore,White,1000,,,67500
Honda City 1.3 i-VTEC Prosmatec 2019,Honda,City,1.3 i-VTEC Prosmatec  ,2019,31424,"37 Commercial Zone, Liberty Market Lahore",Petrol,Karachi,White,1300,,Automatic,270000
Suzuki Cultus VXL 2006,Suzuki,Cultus,VXL    ,2006,170000,,Petrol,Lahore,Gold,1000,,,65000
Honda Civic VTi Oriel Prosmatec 1.8 i-VTEC 2011,Honda,Civic,VTi Oriel Prosmatec 1.8 i-VTEC,2011,130000,,Petrol,Lahore,Grey,1800,,Automatic,228500
Daihatsu Mira Custom X 2010,Daihatsu,Mira,Custom X   ,2010,65000,,Petrol,Lahore,Gold,660,Imported,Automatic,119000
KIA Sportage AWD 2020,KIA,Sportage,AWD    ,2020,180,,Petrol,Un-Registered,Black,2000,,Automatic,590000
Suzuki Cultus Auto Gear Shift 2020,Suzuki,Cultus,Auto Gear Shift  ,2020,28000,,Petrol,Karachi,White,1000,,Automatic,249500
Suzuki Alto VXR 2008,Suzuki,Alto,VXR    ,2008,140000,,Petrol,Sindh,Green,1000,,,64000
Suzuki Alto VXR 2019,Suzuki,Alto,VXR    ,2019,45000,Baghdad Station Near Baqri Pump Hasil Pur Road Bahwalpur,Petrol,Lahore,White,660,,,162500
Toyota Corolla SE Saloon Automatic 2004,Toyota,Corolla,SE Saloon Automatic  ,2004,260000,,Petrol,Lahore,Metallic Green,1600,,Automatic,185000
Honda Civic VTi 1.8 i-VTEC 2012,Honda,Civic,VTi 1.8 i-VTEC  ,2012,82000,,Petrol,Sindh,Black,1800,,,220000
Toyota Yaris ATIV CVT 1.3 2021,Toyota,Yaris,ATIV CVT 1.3  ,2021,9000,,Petrol,Gujranwala,Black,1300,,Automatic,300000
Toyota Premio X EX Package 1.8 2017,Toyota,Premio,X EX Package 1.8 ,2017,35000,Block-A Usaid plaza blue area Islamabad,Petrol,Un-Registered,Burgundy,1800,Imported,Automatic,785000
Suzuki Cultus VXL 2021,Suzuki,Cultus,VXL    ,2021,11000,Baghdad Station Near Baqri Pump Hasil Pur Road Bahwalpur,Petrol,Punjab,White,1000,,,262500
Toyota Vitz B Intelligent Package 1.0 2008,Toyota,Vitz,B Intelligent Package 1 ,2008,102000,,Petrol,Islamabad,White,1000,Imported,Automatic,191500
MG HS 1.5 Turbo 2021,MG,HS,1.5 Turbo   ,2021,90,"148/4-A, Sehgal Plaza, Murree Road,Saddar, Rawalpindi Cantt",Petrol,Un-Registered,White,1500,,Automatic,
Suzuki Bolan 2019,Suzuki,Bolan,    ,2019,16300,,Petrol,Islamabad,White,800,,,117000
Toyota Corona 1994,Toyota,Corona,    ,1994,1,,Petrol,Karachi,Grey,1600,,,140000
Honda Vezel Hybrid Z 2016,Honda,Vezel,Hybrid Z   ,2016,83000,37-A Main Boulevard Shok Chowk Johar Town Lahore.,,Un-Registered,Navy,1500,Imported,Automatic,450000
Toyota Vitz F Limited 1.0 2019,Toyota,Vitz,F Limited 1  ,2019,60085,189-B PakArab Society Ferozpur Road15-A Moulana Shoukat Ali Road,Petrol,Un-Registered,Gold,1000,Imported,Automatic,307500
Nissan Dayz Highway Star 2015,Nissan,Dayz,Highway Star   ,2015,80000,,Petrol,Rawalpindi,Grey,1000,Imported,Automatic,162000
Suzuki Mehran VX (CNG) 2012,Suzuki,Mehran,VX (CNG)   ,2012,16,,,Abbottabad,White,800,,,58000
Suzuki Cultus Limited Edition 2016,Suzuki,Cultus,Limited Edition   ,2016,66000,,Petrol,Lahore,White,1000,,,128000
Toyota Corolla XLi 2004,Toyota,Corolla,XLi    ,2004,275000,,Petrol,Faisalabad,White,1300,,,125000
Suzuki Every PA 2009,Suzuki,Every,PA    ,2009,85000,,Petrol,Islamabad,White,660,Imported,Automatic,136500
Suzuki Alto VXR 2021,Suzuki,Alto,VXR    ,2021,8500,,Petrol,Rawalpindi,White,660,,,182500
Suzuki Cultus VXR 2007,Suzuki,Cultus,VXR    ,2007,95000,,Petrol,Lahore,White,1000,,,66500
Honda Civic VTi Oriel Prosmatec 1.8 i-VTEC 2009,Honda,Civic,VTi Oriel Prosmatec 1.8 i-VTEC,2009,130000,,Petrol,Karachi,Silver,1800,,Automatic,155000
Suzuki Every 2012,Suzuki,Every,    ,2012,99000,,Petrol,Lahore,White,1000,Imported,Automatic,129000
Toyota Land Cruiser VX 4.2D 2002,Toyota,Land,Cruiser VX 4.2D  ,2002,214000,Blue Area Islamabad,,Islamabad,White,4200,Imported,Automatic,620000
Honda Civic Oriel 1.8 i-VTEC CVT 2021,Honda,Civic,Oriel 1.8 i-VTEC CVT ,2021,4500,,Petrol,Islamabad,White,1800,,Automatic,477000
Toyota Fortuner 2.8 Sigma 4 2019,Toyota,Fortuner,2.8 Sigma 4  ,2019,750000,,,Islamabad,White,2800,,Automatic,968500
Honda Civic VTi Oriel 1.6 2004,Honda,Civic,VTi Oriel 1.6  ,2004,130000,,Petrol,Sindh,White,1600,,Automatic,135000
Toyota Vitz F 1.0 2018,Toyota,Vitz,F 1   ,2018,29000,"50-E, Moulana Shaukat Ali Road, Johar town Lahore",Petrol,Un-Registered,Black,1000,Imported,Automatic,289500
Honda Freed + Hybrid B 2012,Honda,Freed,+ Hybrid B  ,2012,78000,,Petrol,Karachi,White,1500,Imported,Automatic,245000
Toyota Prado TX L Package 2.7 2017,Toyota,Prado,TX L Package 2.7 ,2017,27500,,Petrol,Un-Registered,Pearl White,2700,Imported,Automatic,25000000
Toyota Prado TX 2.7 2012,Toyota,Prado,TX 2.7   ,2012,90000,,Petrol,Islamabad,White,2700,Imported,Automatic,14200000
Toyota Prado TX 4.0 2013,Toyota,Prado,TX 4   ,2013,70000,,Petrol,Islamabad,White,4000,Imported,Automatic,15900000
Suzuki Alto VXR 2010,Suzuki,Alto,VXR    ,2010,1234,,Petrol,Peshawar,White,1000,,,72000
Honda City 1.2L M/T 2022,Honda,City,1.2L M/T   ,2022,100,,Petrol,Un-Registered,White,1200,,,340000
Honda Civic VTi Oriel 1.6 2001,Honda,Civic,VTi Oriel 1.6  ,2001,245467,,Petrol,Sindh,Pink,1600,,,96000
Suzuki Wagon R VXL 2022,Suzuki,Wagon,R VXL   ,2022,10,,Petrol,Un-Registered,White,1000,,,219000
Toyota Rush G A/T 2019,Toyota,Rush,G A/T   ,2019,61000,,Petrol,Sindh,Black,1500,Imported,Automatic,570000
Honda Civic Oriel 1.8 i-VTEC CVT 2018,Honda,Civic,Oriel 1.8 i-VTEC CVT ,2018,33000,,Petrol,Lahore,Black,1800,,Automatic,387500
Suzuki Alto ECO-L 2013,Suzuki,Alto,ECO-L    ,2013,100000,,Petrol,Islamabad,Blue,660,Imported,Automatic,147500
Proton Saga 1.3L Standard M/T 2021,Proton,Saga,1.3L Standard M/T  ,2021,4000,,Petrol,Islamabad,White,1300,Imported,,235000
Toyota Fortuner 2.8 Sigma 4 2021,Toyota,Fortuner,2.8 Sigma 4  ,2021,15500,,,Lahore,Black,2800,,Automatic,11100000
Suzuki Mehran VX Euro II 2016,Suzuki,Mehran,VX Euro II  ,2016,74000,,Petrol,Punjab,Grey,800,,,85000
Honda Civic VTi 1.8 i-VTEC 2014,Honda,Civic,VTi 1.8 i-VTEC  ,2014,200000,,Petrol,Islamabad,White,1800,,,245000
Toyota Corolla Altis Grande CVT-i 1.8 2015,Toyota,Corolla,Altis Grande CVT-i 1.8 ,2015,95000,,Petrol,Islamabad,Grey,1800,,Automatic,290000
Audi e-tron 50 Quattro 230 kW 2022,Audi,e-tron,50 Quattro 230 kW ,2022,50,96 FeroazPur road Ichra Lahore,,Un-Registered,White,,,Automatic,18500000
Honda City 1.3 i-VTEC 2017,Honda,City,1.3 i-VTEC   ,2017,72000,,Petrol,Islamabad,Black,1300,,,265000
KIA Sportage AWD 2021,KIA,Sportage,AWD    ,2021,7500,"New M.A jinnah road, karachi, sindh, pakistan",Petrol,Un-Registered,White,2000,,Automatic,565000
Suzuki Alto VXR 2021,Suzuki,Alto,VXR    ,2021,5300,,Petrol,Multan,White,660,,,182500
Suzuki Wagon R Hybrid FZ 2018,Suzuki,Wagon,R Hybrid FZ  ,2018,48000,Hockey Stadium Near Gourmet Bakery,,Islamabad,Silver,660,Imported,Automatic,265000
Toyota Prado TX 2.7 2003,Toyota,Prado,TX 2.7   ,2003,125000,Main Boulevard DHA Lahore,Petrol,Lahore,Silver,2700,Imported,Automatic,580000
Honda Civic Oriel 1.8 i-VTEC CVT 2021,Honda,Civic,Oriel 1.8 i-VTEC CVT ,2021,4500,,Petrol,Islamabad,White,1800,,Automatic,477000
Suzuki Liana LXi 2007,Suzuki,Liana,LXi    ,2007,147000,,Petrol,Karachi,White,1300,,,83500
Toyota Vitz F 1.0 2018,Toyota,Vitz,F 1   ,2018,38000,Hockey Stadium Near Gourmet Bakery,Petrol,Lahore,White,1000,,Automatic,275000
Toyota Corolla SE Saloon Automatic 2004,Toyota,Corolla,SE Saloon Automatic  ,2004,186000,Husaini chowk Ranger market hasil pur road,Petrol,Karachi,White,1600,,Automatic,120000
Nissan Juke 15RS 2010,Nissan,Juke,15RS    ,2010,115000,,Petrol,Karachi,White,1500,Imported,Automatic,216500
Toyota Hiace GL 2012,Toyota,Hiace,GL    ,2012,150000,,Petrol,Punjab,Silver,2700,Imported,Automatic,400000
Suzuki Alto VXR 2008,Suzuki,Alto,VXR    ,2008,140000,,Petrol,Sindh,Green,1000,,,64000
KIA Sportage AWD 2021,KIA,Sportage,AWD    ,2021,24000,,Petrol,Islamabad,Black,2000,,Automatic,610000
Toyota Vitz F 1.0 2018,Toyota,Vitz,F 1   ,2018,29000,"50-E, Moulana Shaukat Ali Road, Johar town Lahore",Petrol,Un-Registered,Black,1000,Imported,Automatic,289500
Mitsubishi Ek Wagon 2011,Mitsubishi,Ek,Wagon    ,2011,62405,,Petrol,Lahore,Silver,660,Imported,Automatic,147500
MG HS 1.5 Turbo 2020,MG,HS,1.5 Turbo   ,2020,5000,"22/23 Johar Town, Moulana Shaukat Ali Road",Petrol,Lahore,White,1500,Imported,Automatic,615000
Toyota Surf SSR-X 3.4 2004,Toyota,Surf,SSR-X 3.4   ,2004,125000,,Petrol,Islamabad,Silver,3400,Imported,Automatic,550000
Suzuki Bolan 2021,Suzuki,Bolan,    ,2021,14000,,Petrol,Islamabad,White,1000,,,127000
Toyota Fortuner 2.7 VVTi 2018,Toyota,Fortuner,2.7 VVTi   ,2018,42000,,Petrol,Lahore,Black,2700,,Automatic,836500
Suzuki Alto VXR 2021,Suzuki,Alto,VXR    ,2021,5300,,Petrol,Multan,White,660,,,182500
Suzuki Wagon R Hybrid FZ 2018,Suzuki,Wagon,R Hybrid FZ  ,2018,48000,Hockey Stadium Near Gourmet Bakery,,Islamabad,Silver,660,Imported,Automatic,265000
Toyota Corolla GLi Automatic 1.6 VVTi 2012,Toyota,Corolla,GLi Automatic 1.6 VVTi ,2012,93000,,Petrol,Punjab,Olive Mica,1600,,Automatic,240000
Toyota Yaris ATIV CVT 1.3 2021,Toyota,Yaris,ATIV CVT 1.3  ,2021,9000,,Petrol,Gujranwala,Black,1300,,Automatic,300000
Suzuki Alto VXL AGS 2022,Suzuki,Alto,VXL AGS   ,2022,45,,Petrol,Un-Registered,Silver,660,,Automatic,220000
Honda City 1.3 i-VTEC 2021,Honda,City,1.3 i-VTEC   ,2021,15770,Multan,Petrol,Un-Registered,White,1300,,,270000
Toyota Passo X 2018,Toyota,Passo,X    ,2018,21376,189-B PakArab Society Ferozpur Road15-A Moulana Shoukat Ali Road,Petrol,Un-Registered,Silver,1000,Imported,Automatic,267500
Toyota Hilux Revo V Automatic 2.8 2021,Toyota,Hilux,Revo V Automatic 2.8 ,2021,15000,3-B Main Jail Road Lahore,,Punjab,Black,2800,,Automatic,935000
Toyota C-HR 2017,Toyota,C-HR,    ,2017,5000,,,Un-Registered,White,1800,Imported,Automatic,669500
Suzuki Cultus EURO II 2014,Suzuki,Cultus,EURO II   ,2014,58750,,Petrol,Karachi,Grey,1000,,,115000
Honda Civic VTi Oriel Prosmatec 1.8 i-VTEC 2014,Honda,Civic,VTi Oriel Prosmatec 1.8 i-VTEC,2014,86000,,Petrol,Karachi,Black,1800,,Automatic,246500
Toyota Corolla Altis Grande CVT-i 1.8 2017,Toyota,Corolla,Altis Grande CVT-i 1.8 ,2017,55000,,Petrol,Karachi,White,1800,,Automatic,340000
Toyota Vitz B Intelligent Package 1.0 2008,Toyota,Vitz,B Intelligent Package 1 ,2008,102000,,Petrol,Islamabad,White,1000,Imported,Automatic,191500
Suzuki Wagon R VXL 2017,Suzuki,Wagon,R VXL   ,2017,69000,,Petrol,Rawalpindi,Grey,1000,,,165000
Nissan Dayz 2019,Nissan,Dayz,    ,2019,60000,,Petrol,Lahore,Maroon,660,Imported,Automatic,182000
Toyota Corolla Altis Grande CVT-i 1.8 2018,Toyota,Corolla,Altis Grande CVT-i 1.8 ,2018,64000,,Petrol,Karachi,White,1800,,Automatic,355000
Toyota Corolla Altis Automatic 1.6 2017,Toyota,Corolla,Altis Automatic 1.6  ,2017,61000,,Petrol,Lahore,White,1600,,Automatic,335000
Honda Civic Oriel 2022,Honda,Civic,Oriel    ,2022,5,,Petrol,Un-Registered,Grey,1500,,Automatic,605000
Suzuki Alto VXR 2019,Suzuki,Alto,VXR    ,2019,45000,Baghdad Station Near Baqri Pump Hasil Pur Road Bahwalpur,Petrol,Lahore,White,660,,,162500
Honda Civic VTi Oriel 1.6 2004,Honda,Civic,VTi Oriel 1.6  ,2004,130000,,Petrol,Sindh,White,1600,,Automatic,135000
KIA Picanto 1.0 AT 2021,KIA,Picanto,1 AT   ,2021,4700,,Petrol,Punjab,White,1000,,Automatic,252500
Toyota Starlet 1.0 1981,Toyota,Starlet,1    ,1981,58000,,Petrol,Karachi,Turquoise,1000,,,25000
Honda Civic VTi Prosmatec 1.8 i-VTEC 2014,Honda,Civic,VTi Prosmatec 1.8 i-VTEC ,2014,97000,,Petrol,Karachi,White,1800,,Automatic,260000
Suzuki Cultus EURO II 2013,Suzuki,Cultus,EURO II   ,2013,48000,,Petrol,Sindh,Smokegreen,1000,,,110000
Daihatsu Cuore CX 2007,Daihatsu,Cuore,CX    ,2007,89000,,Petrol,Islamabad,Silver,800,,,89500
Suzuki Every PA 2009,Suzuki,Every,PA    ,2009,85000,,Petrol,Islamabad,White,660,Imported,Automatic,136500
Honda Vezel Hybrid Z Honda Sensing  2016,Honda,Vezel,Hybrid Z Honda Sensing ,2016,68000,,Petrol,Islamabad,White,1500,Imported,Automatic,425000
Honda Civic VTi Oriel Prosmatec 1.8 i-VTEC 2007,Honda,Civic,VTi Oriel Prosmatec 1.8 i-VTEC,2007,10000,,Petrol,Karachi,Grey,1800,,Automatic,157000
Toyota Corolla GLi 1.3 VVTi 2009,Toyota,Corolla,GLi 1.3 VVTi  ,2009,144000,,Petrol,Lahore,Green,1300,,,178000
Daihatsu Terios 2007,Daihatsu,Terios,    ,2007,150000,,Petrol,Lahore,Blue,1500,Imported,,205000
Toyota Premio X EX Package 1.8 2017,Toyota,Premio,X EX Package 1.8 ,2017,35000,Block-A Usaid plaza blue area Islamabad,Petrol,Un-Registered,Burgundy,1800,Imported,Automatic,785000
Honda City 1.3 i-VTEC 2013,Honda,City,1.3 i-VTEC   ,2013,200000,,Petrol,Punjab,Silver,1300,,,180000
Nissan Dayz Highway Star 2015,Nissan,Dayz,Highway Star   ,2015,80000,,Petrol,Rawalpindi,Grey,1000,Imported,Automatic,162000
Toyota Hilux Revo V Automatic 2.8 2020,Toyota,Hilux,Revo V Automatic 2.8 ,2020,21000,Jail road Lahore,,Lahore,Black,2800,,Automatic,860000
KIA Picanto 1.0 AT 2021,KIA,Picanto,1 AT   ,2021,2501,,Petrol,Punjab,Blue,1000,Imported,Automatic,270000
Honda Freed + Hybrid G Honda Sensing 2012,Honda,Freed,+ Hybrid G Honda Sensing,2012,150000,,,Islamabad,Turquoise,1500,Imported,Automatic,255000
Toyota Prado TX 2.7 2011,Toyota,Prado,TX 2.7   ,2011,90000,6th road near Nawaz Sharif park,Petrol,Lahore,Black,2700,Imported,Automatic,12600000
Toyota Hilux Revo V Automatic 2.8 2022,Toyota,Hilux,Revo V Automatic 2.8 ,2022,10,,,Un-Registered,Black,2800,,Automatic,920000
Honda City Aspire 1.5 i-VTEC 2013,Honda,City,Aspire 1.5 i-VTEC  ,2013,82000,,Petrol,Karachi,Black,1500,,,200000
MG HS 1.5 Turbo 2021,MG,HS,1.5 Turbo   ,2021,90,"148/4-A, Sehgal Plaza, Murree Road,Saddar, Rawalpindi Cantt",Petrol,Un-Registered,White,1500,,Automatic,
Honda Civic VTi 1.8 i-VTEC 2012,Honda,Civic,VTi 1.8 i-VTEC  ,2012,117000,,Petrol,Islamabad,Silver,1800,,,230000
Toyota Aqua S 2014,Toyota,Aqua,S    ,2014,120000,,,Islamabad,Pearl White,1500,Imported,Automatic,287500
Suzuki Liana LXi 2008,Suzuki,Liana,LXi    ,2008,110355,,Petrol,Islamabad,White,1300,,,113000
Suzuki Every PA 2016,Suzuki,Every,PA    ,2016,157383,189-B PakArab Society Ferozpur Road15-A Moulana Shoukat Ali Road,Petrol,Un-Registered,Yellow,660,Imported,Automatic,165000
Toyota Corolla Altis Grande CVT-i 1.8 2014,Toyota,Corolla,Altis Grande CVT-i 1.8 ,2014,91000,,Petrol,Lahore,White,1800,Imported,Automatic,279000
Suzuki Khyber Limited Edition 1989,Suzuki,Khyber,Limited Edition   ,1989,150000,,Petrol,Lahore,Grey,1000,Imported,,35000
Honda Civic Oriel 2022,Honda,Civic,Oriel    ,2022,5,,Petrol,Un-Registered,Black,1500,,Automatic,605000
Honda Civic 1.8 i-VTEC CVT 2018,Honda,Civic,1.8 i-VTEC CVT  ,2018,100000,,Petrol,Karachi,White,1800,Imported,Automatic,360000
Honda Civic Oriel 1.8 i-VTEC CVT 2018,Honda,Civic,Oriel 1.8 i-VTEC CVT ,2018,33000,,Petrol,Lahore,Black,1800,,Automatic,387500
Honda Civic VTi 1.8 i-VTEC 2010,Honda,Civic,VTi 1.8 i-VTEC  ,2010,200000,,Petrol,Lahore,Silver,1800,,,170000
Toyota Corolla GLi 1.3 2006,Toyota,Corolla,GLi 1.3   ,2006,123000,,Petrol,Karachi,Blue,1300,,,135000
Suzuki Alto VXR 2022,Suzuki,Alto,VXR    ,2022,25,,Petrol,Un-Registered,Silver,660,,,180000
Honda Civic Oriel 2022,Honda,Civic,Oriel    ,2022,10,,Petrol,Un-Registered,White,1500,,Automatic,605000
Suzuki Cultus VXL 2021,Suzuki,Cultus,VXL    ,2021,11000,Baghdad Station Near Baqri Pump Hasil Pur Road Bahwalpur,Petrol,Punjab,White,1000,,,262500
Daihatsu Hijet Cruise 2012,Daihatsu,Hijet,Cruise    ,2012,170000,,Petrol,Karachi,White,660,Imported,Automatic,120000
Toyota Corolla XLi VVTi Limited Edition 2011,Toyota,Corolla,XLi VVTi Limited Edition ,2011,220000,,Petrol,Islamabad,White,1300,,,195000
Toyota Hilux Revo V Automatic 2.8 2020,Toyota,Hilux,Revo V Automatic 2.8 ,2020,21000,"34-A, Jail Road Lahore",,Lahore,Black,2800,,Automatic,825000
Honda Civic VTi Oriel Prosmatec 1.8 i-VTEC 2013,Honda,Civic,VTi Oriel Prosmatec 1.8 i-VTEC,2013,20,,Petrol,Lahore,White,1800,,Automatic,250000
Toyota Corolla Altis Automatic 1.6 2021,Toyota,Corolla,Altis Automatic 1.6  ,2021,5000,,Petrol,Un-Registered,White,1600,,Automatic,387500
Honda Civic Standard 2022,Honda,Civic,Standard    ,2022,1,,Petrol,Un-Registered,White,1500,,Automatic,565000
Suzuki Every 2012,Suzuki,Every,    ,2012,99000,,Petrol,Lahore,White,1000,Imported,Automatic,129000
Toyota Rush G A/T 2019,Toyota,Rush,G A/T   ,2019,61000,,Petrol,Sindh,Black,1500,Imported,Automatic,570000
KIA Sportage AWD 2021,KIA,Sportage,AWD    ,2021,7500,"New M.A jinnah road, karachi, sindh, pakistan",Petrol,Un-Registered,White,2000,,Automatic,565000
Honda Civic Oriel Prosmatec UG 2015,Honda,Civic,Oriel Prosmatec UG  ,2015,160000,,Petrol,Islamabad,White,1800,,Automatic,297500
Honda Civic VTi 1.8 i-VTEC 2014,Honda,Civic,VTi 1.8 i-VTEC  ,2014,200000,,Petrol,Islamabad,White,1800,,,245000
Honda Civic VTi Oriel 1.6 2004,Honda,Civic,VTi Oriel 1.6  ,2004,285000,,Petrol,Sialkot,Grey,1600,,,137500
Toyota Prado TZ 3.0D 1991,Toyota,Prado,TZ 3.0D   ,1991,326000,,,Sindh,Red,2400,Imported,,210000
Daihatsu Cuore CX Ecomatic 2007,Daihatsu,Cuore,CX Ecomatic   ,2007,112000,Husaini chowk Ranger market hasil pur road,Petrol,Lahore,White,800,,Automatic,75000
Toyota Corolla GLi 1.3 VVTi 2012,Toyota,Corolla,GLi 1.3 VVTi  ,2012,156000,,Petrol,Islamabad,Grey,1300,,,219500
Toyota Vitz F 1.0 2009,Toyota,Vitz,F 1   ,2009,58000,,Petrol,Sindh,Black,1000,Imported,Automatic,149500
Suzuki Mehran VXR (CNG) 2010,Suzuki,Mehran,VXR (CNG)   ,2010,120000,,Petrol,Islamabad,Silver,800,,,67000
Honda Vezel Hybrid Z Honda Sensing  2016,Honda,Vezel,Hybrid Z Honda Sensing ,2016,39780,,,Un-Registered,Silver,1500,Imported,Automatic,507500
Suzuki Bolan VX Euro II 2021,Suzuki,Bolan,VX Euro II  ,2021,7000,,Petrol,Islamabad,White,800,,,128000
Toyota Hilux Revo V Automatic 3.0  2017,Toyota,Hilux,Revo V Automatic 3 ,2017,60000,"34-A, Jail Road Lahore",,Islamabad,Black,3000,,Automatic,720000
Toyota Hilux Revo V Automatic 2.8 2020,Toyota,Hilux,Revo V Automatic 2.8 ,2020,18800,"Shara e Quaideen Road,Karachi",,Karachi,White,2800,,Automatic,
Suzuki Cultus Auto Gear Shift 2020,Suzuki,Cultus,Auto Gear Shift  ,2020,28000,,Petrol,Karachi,White,1000,,Automatic,249500
Honda Vezel Hybrid Z 2016,Honda,Vezel,Hybrid Z   ,2016,83000,37-A Main Boulevard Shok Chowk Johar Town Lahore.,,Un-Registered,Navy,1500,Imported,Automatic,450000
Toyota Land Cruiser ZX 2017,Toyota,Land,Cruiser ZX   ,2017,39000,23-A Moulana Shoukat Ali Road Johar Town Lahore.,Petrol,Un-Registered,Pearl Black,4600,Imported,Automatic,35100000
Toyota Raize 2021,Toyota,Raize,    ,2021,1700,189-B PakArab Society Ferozpur Road15-A Moulana Shoukat Ali Road,Petrol,Un-Registered,Red,1000,Imported,Automatic,439500
Honda Civic VTi 1.8 i-VTEC 2015,Honda,Civic,VTi 1.8 i-VTEC  ,2015,88000,,Petrol,Lahore,White,1800,,,246500
Honda Civic Oriel 1.8 i-VTEC CVT 2018,Honda,Civic,Oriel 1.8 i-VTEC CVT ,2018,52000,,Petrol,Punjab,White,1800,,Automatic,385000
Honda Civic RS 2022,Honda,Civic,RS    ,2022,5,,Petrol,Un-Registered,Grey,1500,,Automatic,735000
Mitsubishi Lancer GL 2005,Mitsubishi,Lancer,GL    ,2005,220000,,Petrol,Islamabad,Silver,1300,,,115000
Toyota Corolla SE Saloon 1982,Toyota,Corolla,SE Saloon   ,1982,224000,,Petrol,Islamabad,Magneta,1300,Imported,,80000
Toyota Corolla XLi VVTi 2010,Toyota,Corolla,XLi VVTi   ,2010,130000,,Petrol,Sindh,Black,1300,,,154000
Toyota Corona 1994,Toyota,Corona,    ,1994,1,,Petrol,Karachi,Grey,1600,,,140000
Changan Alsvin 1.5L DCT Lumiere 2022,Changan,Alsvin,1.5L DCT Lumiere  ,2022,5,,Petrol,Un-Registered,White,1500,,Automatic,308000
Honda Civic VTi Oriel Automatic 1.6 2000,Honda,Civic,VTi Oriel Automatic 1.6 ,2000,257000,,Petrol,Islamabad,Grey,1600,,Automatic,114500
Toyota Aqua G 2013,Toyota,Aqua,G    ,2013,110846,,,Karachi,White,1500,Imported,Automatic,255000
Suzuki Mehran VXR (CNG) 2010,Suzuki,Mehran,VXR (CNG)   ,2010,20000,,Petrol,Lahore,Grey,800,,,65000
Suzuki Cultus Limited Edition 2016,Suzuki,Cultus,Limited Edition   ,2016,66000,,Petrol,Lahore,White,1000,,,128000
Toyota Prado TX 4.0 2013,Toyota,Prado,TX 4   ,2013,70000,,Petrol,Islamabad,White,4000,Imported,Automatic,15900000
MG HS 1.5 Turbo 2021,MG,HS,1.5 Turbo   ,2021,5000,,Petrol,Lahore,Black,1500,Imported,Automatic,640000
Suzuki Cultus VXR 2005,Suzuki,Cultus,VXR    ,2005,496000,,Petrol,Faisalabad,Silver,1000,,,55000
Honda Civic Oriel 2022,Honda,Civic,Oriel    ,2022,5,,Petrol,Un-Registered,Silver,1500,,Automatic,605000
Suzuki Alto L 2018,Suzuki,Alto,L    ,2018,77308,189-B PakArab Society Ferozpur Road15-A Moulana Shoukat Ali Road,Petrol,Un-Registered,Blue,660,Imported,Automatic,229500
Toyota Vitz F Limited 1.0 2019,Toyota,Vitz,F Limited 1  ,2019,60085,189-B PakArab Society Ferozpur Road15-A Moulana Shoukat Ali Road,Petrol,Un-Registered,Gold,1000,Imported,Automatic,307500
Suzuki Cultus Limited Edition 2016,Suzuki,Cultus,Limited Edition   ,2016,65000,,Petrol,Sindh,White,1000,,,128000
Toyota Fortuner 2.8 Sigma 4 2019,Toyota,Fortuner,2.8 Sigma 4  ,2019,750000,,,Islamabad,White,2800,,Automatic,968500
Proton Saga 1.3L Standard M/T 2021,Proton,Saga,1.3L Standard M/T  ,2021,4000,,Petrol,Islamabad,White,1300,Imported,,235000
Suzuki Every Join Turbo 2016,Suzuki,Every,Join Turbo   ,2016,187158,189-B PakArab Society Ferozpur Road15-A Moulana Shoukat Ali Road,Petrol,Un-Registered,White,660,Imported,Automatic,192500
Toyota Corolla SE Saloon Automatic 2004,Toyota,Corolla,SE Saloon Automatic  ,2004,260000,,Petrol,Lahore,Metallic Green,1600,,Automatic,185000
Toyota Corolla Altis Grande CVT-i 1.8 2016,Toyota,Corolla,Altis Grande CVT-i 1.8 ,2016,159000,,Petrol,Punjab,White,1800,,Automatic,310000
Honda City 1.5L CVT 2022,Honda,City,1.5L CVT   ,2022,1,,Petrol,Un-Registered,Grey,1500,,Automatic,352000
Honda Vezel 2014,Honda,Vezel,    ,2014,76000,,Petrol,Islamabad,White,1500,Imported,Automatic,370000
Honda Civic Oriel 1.8 i-VTEC CVT 2019,Honda,Civic,Oriel 1.8 i-VTEC CVT ,2019,31595,,Petrol,Islamabad,White,1800,,Automatic,370000
Nissan Note X 2016,Nissan,Note,X    ,2016,79000,37-A Main Boulevard Shok Chowk Johar Town Lahore.,,Punjab,Black,1200,Imported,Automatic,315000
Suzuki Wagon R VXL 2022,Suzuki,Wagon,R VXL   ,2022,10,,Petrol,Un-Registered,White,1000,,,219000
Toyota Corolla GLi 1.3 2002,Toyota,Corolla,GLi 1.3   ,2002,110000,,,Islamabad,Silver,1300,,,149000
Honda City 1.3 i-VTEC 2017,Honda,City,1.3 i-VTEC   ,2017,72000,,Petrol,Islamabad,Black,1300,,,265000
Honda CR-Z Sports Hybrid Alpha 2021,Honda,CR-Z,Sports Hybrid Alpha  ,2021,67000,Main Boulevard DHA Lahore,Petrol,Lahore,Yellow,1500,Imported,Automatic,242500
Mercedes Benz E Class E200 2006,Mercedes,Benz,E Class E200  ,2006,95000,827-C Faisal Town Molana Shaukat Ali Road,Petrol,Lahore,Black,1800,Imported,Automatic,360000
Honda City 1.3 i-VTEC Prosmatec 2019,Honda,City,1.3 i-VTEC Prosmatec  ,2019,47000,G/11 Markaz Near Punjab Bank Islamabad,Petrol,Islamabad,White,1300,,Automatic,279500
Honda Civic Oriel 1.8 i-VTEC CVT 2016,Honda,Civic,Oriel 1.8 i-VTEC CVT ,2016,69500,,Petrol,Lahore,White,1800,,Automatic,325000
Toyota Passo G 1.0 2006,Toyota,Passo,G 1   ,2006,98000,,Petrol,Karachi,Silver,1000,Imported,Automatic,122500
Suzuki Alto ECO-L 2013,Suzuki,Alto,ECO-L    ,2013,100000,,Petrol,Islamabad,Blue,660,Imported,Automatic,147500
Honda City 1.5L CVT 2022,Honda,City,1.5L CVT   ,2022,1,,Petrol,Un-Registered,White,1500,,Automatic,345000
Honda Civic VTi Oriel Prosmatec 1.8 i-VTEC 2009,Honda,Civic,VTi Oriel Prosmatec 1.8 i-VTEC,2009,130000,,Petrol,Karachi,Silver,1800,,Automatic,155000
Honda City VTEC Steermatic 2007,Honda,City,VTEC Steermatic   ,2007,111000,,Petrol,Sindh,Black,1500,,Automatic,133500
Toyota Hilux 2021,Toyota,Hilux,    ,2021,2900,,,Un-Registered,White,2800,,Automatic,863000
Toyota Aqua G 2013,Toyota,Aqua,G    ,2013,110646,,,Karachi,White,1500,Imported,Automatic,255000
Honda City 2011,Honda,City,    ,2011,146000,,Petrol,Rawalpindi,Grey,1300,,,188000
Honda City Aspire Prosmatec 1.5 i-VTEC 2016,Honda,City,Aspire Prosmatec 1.5 i-VTEC ,2016,90000,,Petrol,Lahore,White,1500,,Automatic,255000
Toyota Corolla GLi 1.3 VVTi 2015,Toyota,Corolla,GLi 1.3 VVTi  ,2015,26000,,Petrol,Islamabad,Grey,1300,,,295000
Toyota Corolla XLi VVTi 2017,Toyota,Corolla,XLi VVTi   ,2017,30000,,Petrol,Islamabad,White,1300,,,295000
Toyota Vitz Jewela 1.0 2015,Toyota,Vitz,Jewela 1   ,2015,67000,Karachi,Petrol,Sindh,Unlisted,1500,Imported,Automatic,235000
Suzuki Cultus EURO II 2008,Suzuki,Cultus,EURO II   ,2008,2586,,Petrol,Lahore,Maroon,1000,,,85000
Honda City Aspire Prosmatec 1.5 i-VTEC 2020,Honda,City,Aspire Prosmatec 1.5 i-VTEC ,2020,28000,,Petrol,Lahore,White,1500,,Automatic,320000
Changan Karvaan Plus 2022,Changan,Karvaan,Plus    ,2022,5,,Petrol,Un-Registered,White,1000,,,212500
Suzuki Alto VXR (CNG) 2009,Suzuki,Alto,VXR (CNG)   ,2009,100000,,Petrol,Karachi,Olive Green,1000,,,73000
Audi e-tron 50 Quattro 230 kW 2022,Audi,e-tron,50 Quattro 230 kW ,2022,50,96 FeroazPur road Ichra Lahore,,Un-Registered,White,60.0 kWh,,Automatic,18500000
Hyundai Tucson FWD A/T GLS Sport 2022,Hyundai,Tucson,FWD A/T GLS Sport ,2022,1,,Petrol,Un-Registered,White,2000,,Automatic,655000
Honda City Aspire 1.3 i-VTEC 2016,Honda,City,Aspire 1.3 i-VTEC  ,2016,90000,G/11 Markaz Near Punjab Bank Islamabad,Petrol,Islamabad,White,1300,,,229500
Changan Alsvin 1.5L DCT Lumiere 2022,Changan,Alsvin,1.5L DCT Lumiere  ,2022,5,,Petrol,Un-Registered,Silver,1500,,Automatic,300000
Suzuki Mehran VX Euro II 2016,Suzuki,Mehran,VX Euro II  ,2016,74000,,Petrol,Punjab,Grey,800,,,85000
Toyota Hilux D-4D Automatic 2006,Toyota,Hilux,D-4D Automatic   ,2006,118000,827-C Faisal Town Molana Shaukat Ali Road,,Karachi,Black,3000,Imported,Automatic,348000
Suzuki Wagon R VXL 2016,Suzuki,Wagon,R VXL   ,2016,890000,,Petrol,Lahore,Silver,1000,,,155000
Suzuki Wagon R VXR 2015,Suzuki,Wagon,R VXR   ,2015,129000,,Petrol,Islamabad,White,1000,,,152500
Suzuki Alto VXR (CNG) 2012,Suzuki,Alto,VXR (CNG)   ,2012,55000,,Petrol,Lahore,Green,1000,,,118500
Toyota Surf SSR-G 3.4 2003,Toyota,Surf,SSR-G 3.4   ,2003,162000,6th road near Nawaz Sharif park,Petrol,Lahore,White,3400,Imported,Automatic,695000
Honda Vezel 1.5 RS Hybrid 2017,Honda,Vezel,1.5 RS Hybrid,2017,"77,572","Shop No 1, 2 Sawera Residency Ground floor Plot no 167 J Block 3 P.E.Cthis .H.S Society Main Khalid Bin Waleed Road Karachi, Karachi",PetrolElectric,Karachi,Black,,,automatic,4350000
Honda Civic 1.8 i-VTEC Prosmatec 2013,Honda,Civic,1.8 i-VTEC Prosmatec,2013,"166,814","Ali Trade Centre, MM Alam Road, Block B1 Block B 1 Gulberg III, Lahore, Pakistan, Lahore",Petrol,Lahore,White,,,automatic,2100000
Suzuki Alto 660cc VXR 2021,Suzuki,Alto,660cc VXR,2021,"19,004","Shop No 1, 2 Sawera Residency Ground floor Plot no 167 J Block 3 P.E.Cthis .H.S Society Main Khalid Bin Waleed Road Karachi, Karachi",Petrol,Karachi,Silver,660,,manual,1740000
Suzuki Cultus 1.0 Limited Edition 2017,Suzuki,Cultus,1.0 Limited Edition,2017,"51,921","Shop No 1, 2 Sawera Residency Ground floor Plot no 167 J Block 3 P.E.Cthis .H.S Society Main Khalid Bin Waleed Road Karachi, Karachi",Petrol,Karachi,White,,,manual,1330000
Daihatsu Mira 660cc L 2014,Daihatsu,Mira,660cc L,2014,"195,628","Shop No 1, 2 Sawera Residency Ground floor Plot no 167 J Block 3 P.E.Cthis .H.S Society Main Khalid Bin Waleed Road Karachi, Karachi",Petrol,Karachi,Red,660,,automatic,1470000
Suzuki Cultus 1.0 VXR 2006,Suzuki,Cultus,1.0 VXR,2006,"125,000","Shop No 1, 2 Sawera Residency Ground floor Plot no 167 J Block 3 P.E.Cthis .H.S Society Main Khalid Bin Waleed Road Karachi, Karachi",Petrol,Karachi,Blue,,,manual,560000
Honda Civic 1.8 i-VTEC Oriel Prosmatec -Reborn 2012,Honda,Civic,1.8 i-VTEC Oriel Prosmatec -Reborn,2012,"101,628","Shop No 1, 2 Sawera Residency Ground floor Plot no 167 J Block 3 P.E.Cthis .H.S Society Main Khalid Bin Waleed Road Karachi, Karachi",Petrol,Karachi,Black,,,automatic,1980000
Toyota Corolla 1.8 Altis SR 2009,Toyota,Corolla,1.8 Altis SR,2009,"136,616","Ali Trade Centre, MM Alam Road, Block B1 Block B 1 Gulberg III, Lahore, Pakistan, Lahore",Petrol,Lahore,Blue,,,manual,1950000
Daihatsu Mira 660cc D 2013,Daihatsu,Mira,660cc X,2013,"38,576","Shop No 1, 2 Sawera Residency Ground floor Plot no 167 J Block 3 P.E.Cthis .H.S Society Main Khalid Bin Waleed Road Karachi, Karachi",Petrol,Karachi,Black,660,,manual,1300000
Honda Insight 1.3 2010,Honda,Insight,1.3,2010,"109,543","Shop No 1, 2 Sawera Residency Ground floor Plot no 167 J Block 3 P.E.Cthis .H.S Society Main Khalid Bin Waleed Road Karachi, Karachi",PetrolElectric,Karachi,Grey,,,automatic,1720000
Toyota Corolla 1.6 GLI Super ECT 2013,Toyota,Corolla,1.6 GLI Super ECT,2013,"92,018","Shop No 1, 2 Sawera Residency Ground floor Plot no 167 J Block 3 P.E.Cthis .H.S Society Main Khalid Bin Waleed Road Karachi, Karachi",Petrol,Karachi,Black,,,automatic,2100000
Suzuki Alto 660cc VXR 2021,Suzuki,Alto,660cc VXR,2021,"22,602","Shop No 1, 2 Sawera Residency Ground floor Plot no 167 J Block 3 P.E.Cthis .H.S Society Main Khalid Bin Waleed Road Karachi, Karachi",Petrol,Karachi,White,660,,manual,1725000
Suzuki Swift 1.3 DX 2015,Suzuki,Swift,1.3 DX,2015,"113,662","Ali Trade Centre, MM Alam Road, Block B1 Block B 1 Gulberg III, Lahore, Pakistan, Lahore",Petrol,Multan,,,,manual,1380000
Suzuki Alto 660cc VXL AGS 2021,Suzuki,Alto,660cc VXL AGS,2021,"5,717","Shop No 1, 2 Sawera Residency Ground floor Plot no 167 J Block 3 P.E.Cthis .H.S Society Main Khalid Bin Waleed Road Karachi, Karachi",Petrol,Karachi,Silver,660,,automatic,2050000
Toyota Corolla 1.3 GLI Super ECT 2020,Toyota,Corolla,1.3 GLI Super ECT,2020,"23,254","Shop No 1, 2 Sawera Residency Ground floor Plot no 167 J Block 3 P.E.Cthis .H.S Society Main Khalid Bin Waleed Road Karachi, Karachi",Petrol,Karachi,White,,,automatic,3260000
Suzuki Baleno 1.3 GL 2001,Suzuki,Baleno,1.3 GL,2001,"296,270","Shop No 1, 2 Sawera Residency Ground floor Plot no 167 J Block 3 P.E.Cthis .H.S Society Main Khalid Bin Waleed Road Karachi, Karachi",PetrolCompressedNaturalGas,Karachi,Gold,,,manual,630000
Suzuki Swift 1.3 DX 2015,Suzuki,Swift,1.3 DX,2015,"119,210","Ali Trade Centre, MM Alam Road, Block B1 Block B 1 Gulberg III, Lahore, Pakistan, Lahore",,C,,,,manual,1520000
Toyota Vitz 1.0 F Spider 2015,Toyota,Vitz,1.0 F Spider,2015,"73,215","Shop No 1, 2 Sawera Residency Ground floor Plot no 167 J Block 3 P.E.Cthis .H.S Society Main Khalid Bin Waleed Road Karachi, Karachi",Petrol,Karachi,Grey,,,automatic,2180000
Daihatsu Hijet 660cc Deluxe 2 Pwr 2013,Daihatsu,Hijet Cargo,660cc 2 Pwr,2013,"239,764","Shop No 1, 2 Sawera Residency Ground floor Plot no 167 J Block 3 P.E.Cthis .H.S Society Main Khalid Bin Waleed Road Karachi, Karachi",Petrol,Karachi,White,660,,manual,1270000
Toyota Corolla 1.3 GLI Super ECT 2017,Toyota,Corolla,1.3 GLI Super ECT,2017,"98,352","Ali Trade Centre, MM Alam Road, Block B1 Block B 1 Gulberg III, Lahore, Pakistan, Lahore",Petrol,Islamabad,Silver,,,automatic,2900000
Daihatsu Cuore 850cc CX Eco 2010,Daihatsu,Cuore,850cc CX Eco,2010,"85,129","Shop No 1, 2 Sawera Residency Ground floor Plot no 167 J Block 3 P.E.Cthis .H.S Society Main Khalid Bin Waleed Road Karachi, Karachi",PetrolCompressedNaturalGas,Karachi,Beige,850,,manual,760000
Mitsubishi MiniCab 660cc 2 pwr 2011,Mitsubishi,MiniCab,660cc 2 pwr,2011,"101,636","Shop No 1, 2 Sawera Residency Ground floor Plot no 167 J Block 3 P.E.Cthis .H.S Society Main Khalid Bin Waleed Road Karachi, Karachi",Petrol,Karachi,White,660,,automatic,980000
FAW Carrier 1.0.0 2017,FAW,Carrier,1.0.0,2017,"1,541,112","Shop No 1, 2 Sawera Residency Ground floor Plot no 167 J Block 3 P.E.Cthis .H.S Society Main Khalid Bin Waleed Road Karachi, Karachi",Petrol,Karachi,White,,,manual,525000
Honda Civic 1.8 i-VTEC 2015,Honda,Civic,1.8 i-VTEC,2015,"12,344","Shop No 1, 2 Sawera Residency Ground floor Plot no 167 J Block 3 P.E.Cthis .H.S Society Main Khalid Bin Waleed Road Karachi, Karachi",Petrol,Karachi,Grey,,,manual,2300000
Suzuki Cultus 1.0 VXRi 2010,Suzuki,Cultus,1.0 VXRi,2010,"65,101","Ali Trade Centre, MM Alam Road, Block B1 Block B 1 Gulberg III, Lahore, Pakistan, Lahore",PetrolCompressedNaturalGas,Lahore,Grey,,,manual,960000
Toyota Corolla 1.3 GLI New Key Super ECT 2016,Toyota,Corolla,1.3 GLI New Key Super ECT,2016,"85,458","Shop No 1, 2 Sawera Residency Ground floor Plot no 167 J Block 3 P.E.Cthis .H.S Society Main Khalid Bin Waleed Road Karachi, Karachi",Petrol,Karachi,White,,,automatic,2580000
Nissan Juke 1.5 Red Interior 2011,Nissan,Juke,1.5 Red Interior,2011,"95,515","Shop No 1, 2 Sawera Residency Ground floor Plot no 167 J Block 3 P.E.Cthis .H.S Society Main Khalid Bin Waleed Road Karachi, Karachi",Petrol,Karachi,Red,,,automatic,2180000
Suzuki Alto 660cc VXR 2021,Suzuki,Alto,660cc VXR,2021,"33,760","Shop No 1, 2 Sawera Residency Ground floor Plot no 167 J Block 3 P.E.Cthis .H.S Society Main Khalid Bin Waleed Road Karachi, Karachi",Petrol,Karachi,Silver,660,,manual,1610000
Suzuki Cultus 1.0 VXR Euro II 2013,Suzuki,Cultus,1.0 VXR Euro II,2015,"1,180,000","Shop No 1, 2 Sawera Residency Ground floor Plot no 167 J Block 3 P.E.Cthis .H.S Society Main Khalid Bin Waleed Road Karachi, Karachi",PetrolCompressedNaturalGas,Karachi,White,,,manual,1180000
Suzuki Cultus 1.0 Limited Edition 2016,Suzuki,Cultus,1.0 Limited Edition,2016,"22,255","Shop No 1, 2 Sawera Residency Ground floor Plot no 167 J Block 3 P.E.Cthis .H.S Society Main Khalid Bin Waleed Road Karachi, Karachi",Petrol,Karachi,Grey,,,manual,1330000
Suzuki Swift 1.3 DX 2015,Suzuki,Swift,1.3 DX,2015,"162,018","Ali Trade Centre, MM Alam Road, Block B1 Block B 1 Gulberg III, Lahore, Pakistan, Lahore",Petrol,Multan,White,,,manual,1400000
Suzuki Cultus 1.0 VXL 2018,Suzuki,Cultus,1.0 VXL,2018,"46,272","Shop No 1, 2 Sawera Residency Ground floor Plot no 167 J Block 3 P.E.Cthis .H.S Society Main Khalid Bin Waleed Road Karachi, Karachi",Petrol,Karachi,Grey,,,manual,1930000
Honda Civic 1.8 i-VTEC Oriel Prosmatec UG-Reborn 2012,Honda,Civic,1.8 i-VTEC Oriel Prosmatec UG-Reborn,2012,"80,012","Shop No 1, 2 Sawera Residency Ground floor Plot no 167 J Block 3 P.E.Cthis .H.S Society Main Khalid Bin Waleed Road Karachi, Karachi",Petrol,Karachi,White,,,automatic,2000000
Suzuki Alto 660cc F 2014,Suzuki,Alto,660cc F,2014,"70,407","Shop No 1, 2 Sawera Residency Ground floor Plot no 167 J Block 3 P.E.Cthis .H.S Society Main Khalid Bin Waleed Road Karachi, Karachi",Petrol,Karachi,Brown,660,,automatic,1480000
Suzuki Mehran 800cc VX 2004,Suzuki,Mehran,800cc VX,2004,"96,731","94 Street 7, I-10/3 I 10/3 I-10, Islamabad, Pakistan, Islamabad",PetrolCompressedNaturalGas,Karachi,White,800,,manual,250000
Suzuki Swift 1.3 DX 2015,Suzuki,Swift,1.3 DX,2015,"102,052","Ali Trade Centre, MM Alam Road, Block B1 Block B 1 Gulberg III, Lahore, Pakistan, Lahore",,C,,,,manual,1460000
Honda City 1.3 i-DSI 2005,Honda,City,1.3 i-DSI,2005,"441,116","Ali Trade Centre, MM Alam Road, Block B1 Block B 1 Gulberg III, Lahore, Pakistan, Lahore",Petrol,Islamabad,Silver,,,manual,1100000
Honda City 1.3 i-VTEC 2018,Honda,City,1.3 i-VTEC,2018,"87,345","Ali Trade Centre, MM Alam Road, Block B1 Block B 1 Gulberg III, Lahore, Pakistan, Lahore",Petrol,Lahore,White,,,manual,2400000
Daihatsu Cuore 850cc CX Eco 2008,Daihatsu,Cuore,850cc CX Eco,2008,"118,457","Shop No 1, 2 Sawera Residency Ground floor Plot no 167 J Block 3 P.E.Cthis .H.S Society Main Khalid Bin Waleed Road Karachi, Karachi",PetrolCompressedNaturalGas,Karachi,Gold,850,,manual,630000
Suzuki Alto 660cc VXR 2021,Suzuki,Alto,660cc VXR,2021,"13,417","Shop No 1, 2 Sawera Residency Ground floor Plot no 167 J Block 3 P.E.Cthis .H.S Society Main Khalid Bin Waleed Road Karachi, Karachi",Petrol,Karachi,White,660,,manual,1750000
Suzuki Cultus 1.0 VXR Euro II 2015,Suzuki,Cultus,1.0 VXR Euro II,2015,"94,393","Shop No 1, 2 Sawera Residency Ground floor Plot no 167 J Block 3 P.E.Cthis .H.S Society Main Khalid Bin Waleed Road Karachi, Karachi",Petrol,Karachi,White,,,manual,1180000
Honda City 1.3 i-VTEC Prosmatec 2018,Honda,City,1.3 i-VTEC Prosmatec,2018,"101,707","Ali Trade Centre, MM Alam Road, Block B1 Block B 1 Gulberg III, Lahore, Pakistan, Lahore",Petrol,Lahore,Silver,,,automatic,2650000
Suzuki Swift 1.3 DX 2015,Suzuki,Swift,1.3 DX,2015,"118,747","Ali Trade Centre, MM Alam Road, Block B1 Block B 1 Gulberg III, Lahore, Pakistan, Lahore",Petrol,Peshawar,White,,,manual,1380000
Toyota Corolla 1.6 Altis Super ECT Old Key 2016,Toyota,Corolla,1.6 Altis Super ECT Old Key,2016,"84,431","Ali Trade Centre, MM Alam Road, Block B1 Block B 1 Gulberg III, Lahore, Pakistan, Lahore",Petrol,Lahore,Black,,,automatic,2850000
Honda Fit 1.5 Hybrid 2014,Honda,Fit,1.5 Hybrid,2014,"75,443","Ali Trade Centre, MM Alam Road, Block B1 Block B 1 Gulberg III, Lahore, Pakistan, Lahore",PetrolElectric,Islamabad,White,,,automatic,2450000
Toyota Corolla 1.3 GLI 2012,Toyota,Corolla,1.3 GLI,2012,"108,463","Ali Trade Centre, MM Alam Road, Block B1 Block B 1 Gulberg III, Lahore, Pakistan, Lahore",Petrol,Islamabad,Black,,,manual,1900000
Toyota Corolla 1.3 XLI - Old Shape 2014,Toyota,Corolla,1.3 XLI - Old Shape,2014,"136,821","Ali Trade Centre, MM Alam Road, Block B1 Block B 1 Gulberg III, Lahore, Pakistan, Lahore",Petrol,Islamabad,White,,,manual,2000000
Toyota Hilux 3.0D Vigo Champ G 2012,Toyota,Hilux,3.0D Vigo Champ G,2012,"86,200","Shop No 1, 2 Sawera Residency Ground floor Plot no 167 J Block 3 P.E.Cthis .H.S Society Main Khalid Bin Waleed Road Karachi, Karachi",Diesel,Karachi,White,,,automatic,5200000
Honda Vezel 1.5 Hybrid Z 2015,Honda,Vezel,1.5 Hybrid Z,2015,"71,402","Shop No 1, 2 Sawera Residency Ground floor Plot no 167 J Block 3 P.E.Cthis .H.S Society Main Khalid Bin Waleed Road Karachi, Karachi",PetrolElectric,Karachi,Red,,,automatic,3200000
Honda Civic 1.8 i-VTEC Oriel CVT UG 2017,Honda,Civic,1.8 i-VTEC Oriel CVT UG,2017,"85,518","Ali Trade Centre, MM Alam Road, Block B1 Block B 1 Gulberg III, Lahore, Pakistan, Lahore",Petrol,Lahore,White,,,automatic,3480000
Honda Civic 1.8 i-VTEC 2013,Honda,Civic,1.8 i-VTEC,2013,"206,484","Ali Trade Centre, MM Alam Road, Block B1 Block B 1 Gulberg III, Lahore, Pakistan, Lahore",Petrol,Lahore,White,,,manual,2120000
Suzuki Alto 660cc VXR 2021,Suzuki,Alto,660cc VXR,2021,"18,699","Shop No 1, 2 Sawera Residency Ground floor Plot no 167 J Block 3 P.E.Cthis .H.S Society Main Khalid Bin Waleed Road Karachi, Karachi",Petrol,Karachi,White,660,,manual,1750000
Nissan Dayz 660cc Highway Star X 2014,Nissan,Dayz,660cc Highway Star X,2014,"100,221","Shop No 1, 2 Sawera Residency Ground floor Plot no 167 J Block 3 P.E.Cthis .H.S Society Main Khalid Bin Waleed Road Karachi, Karachi",Petrol,Karachi,Black,660,,automatic,1680000
Toyota Land Cruiser 2.7 Prado TXL 2004,Toyota,Land Cruiser,2.7 Prado TXL,2004,"129,751","Shop No 1, 2 Sawera Residency Ground floor Plot no 167 J Block 3 P.E.Cthis .H.S Society Main Khalid Bin Waleed Road Karachi, Karachi",Petrol,Karachi,Black,,,automatic,5600000
Honda Civic 1.8 i-VTEC Prosmatec 2008,Honda,Civic,1.8 i-VTEC Prosmatec,2008,"101,438","Shop No 1, 2 Sawera Residency Ground floor Plot no 167 J Block 3 P.E.Cthis .H.S Society Main Khalid Bin Waleed Road Karachi, Karachi",Petrol,Karachi,Black,,,automatic,1350000
Honda Civic 1.8 i-VTEC 2010,Honda,Civic,1.8 i-VTEC,2010,"104,431","Shop No 1, 2 Sawera Residency Ground floor Plot no 167 J Block 3 P.E.Cthis .H.S Society Main Khalid Bin Waleed Road Karachi, Karachi",,C,,,,manual,1520000
Honda Vezel 1.5 Hybrid X 2014,Honda,Vezel,1.5 Hybrid X,2014,"71,263","Ali Trade Centre, MM Alam Road, Block B1 Block B 1 Gulberg III, Lahore, Pakistan, Lahore",PetrolElectric,Islamabad,White,,,automatic,3150000
Suzuki Alto 1.0 VXR 2011,Suzuki,Alto,1.0 VXR,2011,"144,948","Shop No 1, 2 Sawera Residency Ground floor Plot no 167 J Block 3 P.E.Cthis .H.S Society Main Khalid Bin Waleed Road Karachi, Karachi",PetrolCompressedNaturalGas,Karachi,White,,,manual,860000
Suzuki Alto 660cc VXR 2021,Suzuki,Alto,660cc VXR,2021,"20,727","Shop No 1, 2 Sawera Residency Ground floor Plot no 167 J Block 3 P.E.Cthis .H.S Society Main Khalid Bin Waleed Road Karachi, Karachi",Petrol,Karachi,White,660,,manual,1750000
Suzuki Cultus 1.0 VXR Euro II 2014,Suzuki,Cultus,1.0 VXR Euro II,2014,"3,901","Shop No 1, 2 Sawera Residency Ground floor Plot no 167 J Block 3 P.E.Cthis .H.S Society Main Khalid Bin Waleed Road Karachi, Karachi",Petrol,Karachi,White,,,manual,1180000
Suzuki Bolan 800cc VX 2014,Suzuki,Bolan,800cc VX,2014,"129,292","Ali Trade Centre, MM Alam Road, Block B1 Block B 1 Gulberg III, Lahore, Pakistan, Lahore",Petrol,Lahore,White,800,,manual,650000
Toyota Corolla 1.3 XLI - Old Shape 2014,Toyota,Corolla,1.3 XLI - Old Shape,2014,"122,707","Shop No 1, 2 Sawera Residency Ground floor Plot no 167 J Block 3 P.E.Cthis .H.S Society Main Khalid Bin Waleed Road Karachi, Karachi",Petrol,Karachi,White,,,manual,1800000
Suzuki Wagon R 1.0 VXL 2018,Suzuki,Wagon R,1.0 VXL,2018,"136,067","Ali Trade Centre, MM Alam Road, Block B1 Block B 1 Gulberg III, Lahore, Pakistan, Lahore",Petrol,Lahore,Grey,,,manual,1480000
KIA Sportage 2.0 AWD 2020,KIA,Sportage,2.0 AWD,2020,"25,607","Shop No 1, 2 Sawera Residency Ground floor Plot no 167 J Block 3 P.E.Cthis .H.S Society Main Khalid Bin Waleed Road Karachi, Karachi",Petrol,Karachi,White,,,automatic,5700000
Suzuki Swift 1.3 DX 2014,Suzuki,Swift,1.3 DX,2014,"87,382","Ali Trade Centre, MM Alam Road, Block B1 Block B 1 Gulberg III, Lahore, Pakistan, Lahore",Petrol,Peshawar,White,,,manual,1350000
Suzuki Cultus 1.0 VXL 2018,Suzuki,Cultus,1.0 VXL,2018,"108,890","Shop No 1, 2 Sawera Residency Ground floor Plot no 167 J Block 3 P.E.Cthis .H.S Society Main Khalid Bin Waleed Road Karachi, Karachi",Petrol,Karachi,White,,,manual,1850000
Daihatsu Hijet 660cc 2 PWR 2016,Daihatsu,Hijet,660cc 2 PWR,2016,"70,867","Shop No 1, 2 Sawera Residency Ground floor Plot no 167 J Block 3 P.E.Cthis .H.S Society Main Khalid Bin Waleed Road Karachi, Karachi",Petrol,Karachi,White,660,,automatic,1550000
Suzuki Cultus 1.0 Limited Edition 2016,Suzuki,Cultus,1.0 Limited Edition,2016,"92,212","Shop No 1, 2 Sawera Residency Ground floor Plot no 167 J Block 3 P.E.Cthis .H.S Society Main Khalid Bin Waleed Road Karachi, Karachi",Petrol,Karachi,Beige,,,manual,1300000
Suzuki Cultus 1.0 VXR Euro II 2015,Suzuki,Cultus,1.0 VXR Euro II,2015,"87,211","Shop No 1, 2 Sawera Residency Ground floor Plot no 167 J Block 3 P.E.Cthis .H.S Society Main Khalid Bin Waleed Road Karachi, Karachi",Petrol,Karachi,White,,,manual,1250000
Suzuki Swift 1.3 DX 2011,Suzuki,Swift,1.3 DX,2011,"190,056","Shop No 1, 2 Sawera Residency Ground floor Plot no 167 J Block 3 P.E.Cthis .H.S Society Main Khalid Bin Waleed Road Karachi, Karachi",Petrol,Karachi,Grey,,,manual,1100000
Suzuki Cultus 1.0 VXR Euro II 2015,Suzuki,Cultus,1.0 VXR Euro II,2015,"78,474","Shop No 1, 2 Sawera Residency Ground floor Plot no 167 J Block 3 P.E.Cthis .H.S Society Main Khalid Bin Waleed Road Karachi, Karachi",Petrol,Karachi,Pink,,,manual,1170000
Suzuki Alto 660cc VXR 2021,Suzuki,Alto,660cc VXR,2021,"21,592","Shop No 1, 2 Sawera Residency Ground floor Plot no 167 J Block 3 P.E.Cthis .H.S Society Main Khalid Bin Waleed Road Karachi, Karachi",Petrol,Karachi,White,660,,manual,1725000
Suzuki Cultus 1.0 Limited Edition 2016,Suzuki,Cultus,1.0 Limited Edition,2016,"77,590","Shop No 1, 2 Sawera Residency Ground floor Plot no 167 J Block 3 P.E.Cthis .H.S Society Main Khalid Bin Waleed Road Karachi, Karachi",Petrol,Karachi,Grey,,,manual,1380000
Suzuki Swift 1.3 DX 2015,Suzuki,Swift,1.3 DX,2015,"183,208","Ali Trade Centre, MM Alam Road, Block B1 Block B 1 Gulberg III, Lahore, Pakistan, Lahore",Petrol,Peshawar,White,,,manual,1450000
Suzuki Alto 660cc VXR 2021,Suzuki,Alto,660cc VXR,2021,"5,506","Shop No 1, 2 Sawera Residency Ground floor Plot no 167 J Block 3 P.E.Cthis .H.S Society Main Khalid Bin Waleed Road Karachi, Karachi",Petrol,Karachi,White,660,,manual,1780000
Suzuki Cultus 1.0 Limited Edition 2016,Suzuki,Cultus,1.0 Limited Edition,2016,"26,631","Shop No 1, 2 Sawera Residency Ground floor Plot no 167 J Block 3 P.E.Cthis .H.S Society Main Khalid Bin Waleed Road Karachi, Karachi",Petrol,Karachi,Grey,,,manual,1280000
Toyota Corolla 1.3 GLI -Super ECT 2015,Toyota,Corolla,1.3 GLI -Super ECT,2015,"73,315","Shop No 1, 2 Sawera Residency Ground floor Plot no 167 J Block 3 P.E.Cthis .H.S Society Main Khalid Bin Waleed Road Karachi, Karachi",Petrol,Karachi,Black,,,automatic,2470000
Suzuki Cultus 1.0 VXR Euro II 2015,Suzuki,Cultus,1.0 VXR Euro II,2015,"8,438","Shop No 1, 2 Sawera Residency Ground floor Plot no 167 J Block 3 P.E.Cthis .H.S Society Main Khalid Bin Waleed Road Karachi, Karachi",Petrol,Karachi,White,,,manual,1280000
Daihatsu Mira 660cc LSA 2019,Daihatsu,Mira,660cc LSA,2019,"23,362","Shop No 1, 2 Sawera Residency Ground floor Plot no 167 J Block 3 P.E.Cthis .H.S Society Main Khalid Bin Waleed Road Karachi, Karachi",Petrol,Karachi,Silver,660,,automatic,2350000
Suzuki Cultus 1.0 VXRi 2007,Suzuki,Cultus,1.0 VXRi,2007,"78,830","Shop No 1, 2 Sawera Residency Ground floor Plot no 167 J Block 3 P.E.Cthis .H.S Society Main Khalid Bin Waleed Road Karachi, Karachi",PetrolCompressedNaturalGas,Karachi,White,,,manual,630000
Daihatsu Cuore 850cc CX 2008,Daihatsu,Cuore,850cc CL,2008,"77,320","Shop No 1, 2 Sawera Residency Ground floor Plot no 167 J Block 3 P.E.Cthis .H.S Society Main Khalid Bin Waleed Road Karachi, Karachi",PetrolCompressedNaturalGas,Karachi,White,850,,manual,650000
Toyota Corolla 1.3 GLI 2013,Toyota,Corolla,1.3 GLI,2013,"150,147","Shop No 1, 2 Sawera Residency Ground floor Plot no 167 J Block 3 P.E.Cthis .H.S Society Main Khalid Bin Waleed Road Karachi, Karachi",Petrol,Karachi,Purple,,,manual,1750000
Suzuki Cultus 1.0 VXLi 2008,Suzuki,Cultus,1.0 VXLi,2008,"52,898","Shop No 1, 2 Sawera Residency Ground floor Plot no 167 J Block 3 P.E.Cthis .H.S Society Main Khalid Bin Waleed Road Karachi, Karachi",PetrolCompressedNaturalGas,Karachi,Blue,,,manual,820000
Suzuki Alto 660cc VXR 2020,Suzuki,Alto,660cc VXR,2020,"27,572","Shop No 1, 2 Sawera Residency Ground floor Plot no 167 J Block 3 P.E.Cthis .H.S Society Main Khalid Bin Waleed Road Karachi, Karachi",Petrol,Karachi,Silver,660,,manual,1650000
Honda City 1.3 i-VTEC 2017,Honda,City,1.3 i-VTEC,2017,"130,862","Shop No 1, 2 Sawera Residency Ground floor Plot no 167 J Block 3 P.E.Cthis .H.S Society Main Khalid Bin Waleed Road Karachi, Karachi",Petrol,Karachi,Grey,,,manual,2200000
Mitsubishi EK Wagon 660cc 2008,Mitsubishi,EK Wagon,660cc,2008,"111,452","Shop No 1, 2 Sawera Residency Ground floor Plot no 167 J Block 3 P.E.Cthis .H.S Society Main Khalid Bin Waleed Road Karachi, Karachi",Petrol,Karachi,Black,660,,automatic,1230000
Toyota Vitz 1.0 B 2006,Toyota,Vitz,1.0 B,2006,"166,638","Shop No 1, 2 Sawera Residency Ground floor Plot no 167 J Block 3 P.E.Cthis .H.S Society Main Khalid Bin Waleed Road Karachi, Karachi",Petrol,Karachi,White,,,automatic,1400000
Suzuki Cultus 1.0 VXLi 2008,Suzuki,Cultus,1.0 VXLi,2008,"29,737","Shop No 1, 2 Sawera Residency Ground floor Plot no 167 J Block 3 P.E.Cthis .H.S Society Main Khalid Bin Waleed Road Karachi, Karachi",PetrolCompressedNaturalGas,Karachi,Blue,,,manual,860000
Nissan Clipper 660 2013,Nissan,Clipper,660cc NV-100,2013,"125,482","Shop No 1, 2 Sawera Residency Ground floor Plot no 167 J Block 3 P.E.Cthis .H.S Society Main Khalid Bin Waleed Road Karachi, Karachi",Petrol,Karachi,Grey,660,,manual,1100000
Suzuki Alto 660cc VXR 2021,Suzuki,Alto,660cc VXR,2021,"22,859","Shop No 1, 2 Sawera Residency Ground floor Plot no 167 J Block 3 P.E.Cthis .H.S Society Main Khalid Bin Waleed Road Karachi, Karachi",Petrol,Karachi,White,660,,manual,1750000
Honda Civic 1.8 i-VTEC - Reborn 2012,Honda,Civic,1.8 i-VTEC - Reborn,2012,"242,476","Shop No 1, 2 Sawera Residency Ground floor Plot no 167 J Block 3 P.E.Cthis .H.S Society Main Khalid Bin Waleed Road Karachi, Karachi",Petrol,Karachi,Black,,,manual,1600000
Suzuki Mehran 800cc VXR Euro II 2017,Suzuki,Mehran,800cc VXR Euro II,2017,"27,512","Shop No 1, 2 Sawera Residency Ground floor Plot no 167 J Block 3 P.E.Cthis .H.S Society Main Khalid Bin Waleed Road Karachi, Karachi",Petrol,Karachi,White,800,,manual,830000
Nissan Clipper 660cc NV-100 2012,Nissan,Clipper,660cc NV-100,2012,"150,626","Ali Trade Centre, MM Alam Road, Block B1 Block B 1 Gulberg III, Lahore, Pakistan, Lahore",Petrol,Islamabad,White,660,,automatic,1100000
Mazda Scrum 660cc 4-pwr Turbo 2013,Mazda,Scrum,660cc 4-pwr Turbo,2013,"190,066","Shop No 1, 2 Sawera Residency Ground floor Plot no 167 J Block 3 P.E.Cthis .H.S Society Main Khalid Bin Waleed Road Karachi, Karachi",Petrol,Karachi,Black,660,,automatic,1530000
Honda City 1.5 i-VTEC Aspire 2015,Honda,City,1.5 i-VTEC Aspire,2015,"202,039","Ali Trade Centre, MM Alam Road, Block B1 Block B 1 Gulberg III, Lahore, Pakistan, Lahore",Petrol,Lahore,White,,,manual,2150000
Suzuki Mehran 800cc VX 2009,Suzuki,Mehran,800cc VX,2009,"21,974","Shop No 1, 2 Sawera Residency Ground floor Plot no 167 J Block 3 P.E.Cthis .H.S Society Main Khalid Bin Waleed Road Karachi, Karachi",Petrol,Karachi,White,800,,manual,490000
Toyota Corolla 1.3 XLI - Old Shape 2014,Toyota,Corolla,1.3 XLI - Old Shape,2014,"156,436","Ali Trade Centre, MM Alam Road, Block B1 Block B 1 Gulberg III, Lahore, Pakistan, Lahore",Petrol,Lahore,White,,,manual,1930000
Honda Civic 1.8 i-VTEC Oriel Prosmatec UG 2014,Honda,Civic,1.8 i-VTEC Oriel Prosmatec UG,2014,"76,416","Shop No 1, 2 Sawera Residency Ground floor Plot no 167 J Block 3 P.E.Cthis .H.S Society Main Khalid Bin Waleed Road Karachi, Karachi",Petrol,Karachi,Black,,,automatic,2610000
Toyota Corolla 1.3 XLI 2013,Toyota,Corolla,1.3 XLI,2013,"127,637","Shop No 1, 2 Sawera Residency Ground floor Plot no 167 J Block 3 P.E.Cthis .H.S Society Main Khalid Bin Waleed Road Karachi, Karachi",Petrol,Karachi,Red,,,manual,1780000
Suzuki Alto 660cc VXL AGS 2019,Suzuki,Alto,660cc VXL AGS,2019,"19,906","Shop No 1, 2 Sawera Residency Ground floor Plot no 167 J Block 3 P.E.Cthis .H.S Society Main Khalid Bin Waleed Road Karachi, Karachi",Petrol,Karachi,Grey,660,,automatic,1800000
Toyota Aqua 1.5 S Push Start 2015,Toyota,Aqua,1.5 S Push Start,2015,"99,629","Shop No 1, 2 Sawera Residency Ground floor Plot no 167 J Block 3 P.E.Cthis .H.S Society Main Khalid Bin Waleed Road Karachi, Karachi",PetrolElectric,Karachi,Silver,,,automatic,2750000
Suzuki Cultus 1.0 VXR Euro II 2015,Suzuki,Cultus,1.0 VXR Euro II,2015,"59,520","Shop No 1, 2 Sawera Residency Ground floor Plot no 167 J Block 3 P.E.Cthis .H.S Society Main Khalid Bin Waleed Road Karachi, Karachi",Petrol,Karachi,Grey,,,manual,1180000
Honda City 1.3 i-VTEC 2018,Honda,City,1.3 i-VTEC,2018,"67,904","Ali Trade Centre, MM Alam Road, Block B1 Block B 1 Gulberg III, Lahore, Pakistan, Lahore",Petrol,Lahore,White,,,manual,2500000
Toyota Corolla 1.3 GLI 2012,Toyota,Corolla,1.3 GLI,2012,"82,753","Shop No 1, 2 Sawera Residency Ground floor Plot no 167 J Block 3 P.E.Cthis .H.S Society Main Khalid Bin Waleed Road Karachi, Karachi",Petrol,Karachi,Red,,,manual,1850000
Suzuki Swift 1.3 DX 2015,Suzuki,Swift,1.3 DX,2015,"105,238","Ali Trade Centre, MM Alam Road, Block B1 Block B 1 Gulberg III, Lahore, Pakistan, Lahore",Petrol,Peshawar,White,,,manual,1520000
Suzuki Cultus 1.0 VXR 2007,Suzuki,Cultus,1.0 VXR,2007,"76,499","Shop No 1, 2 Sawera Residency Ground floor Plot no 167 J Block 3 P.E.Cthis .H.S Society Main Khalid Bin Waleed Road Karachi, Karachi",PetrolCompressedNaturalGas,Karachi,Black,,,manual,740000
Subaru Pleo 660cc L 2016,Subaru,Pleo,660cc L,2016,"81,835","Shop No 1, 2 Sawera Residency Ground floor Plot no 167 J Block 3 P.E.Cthis .H.S Society Main Khalid Bin Waleed Road Karachi, Karachi",Petrol,Karachi,Blue,660,,automatic,1560000
Toyota Corolla 1.8 Altis Grande CVT-i Cruisetronic 2016,Toyota,Corolla,1.8 Altis Grande CVT-i Cruisetronic,2016,"136,219","Ali Trade Centre, MM Alam Road, Block B1 Block B 1 Gulberg III, Lahore, Pakistan, Lahore",Petrol,Lahore,White,,,automatic,2870000
Suzuki Swift 1.2 XG 2013,Suzuki,Swift,1.2 XG,2007,"126,925","Shop No 1, 2 Sawera Residency Ground floor Plot no 167 J Block 3 P.E.Cthis .H.S Society Main Khalid Bin Waleed Road Karachi, Karachi",Petrol,Karachi,Black,,,automatic,1450000
Honda Civic 1.6 VTi Oriel Prosmatec 2002,Honda,Civic,1.6 VTi Oriel Prosmatec,2002,"141,622","Shop No 1, 2 Sawera Residency Ground floor Plot no 167 J Block 3 P.E.Cthis .H.S Society Main Khalid Bin Waleed Road Karachi, Karachi",Petrol,Karachi,Pink,,,automatic,980000
Suzuki Alto 660cc VXR 2020,Suzuki,Alto,660cc VXR,2020,"48,381","Ali Trade Centre, MM Alam Road, Block B1 Block B 1 Gulberg III, Lahore, Pakistan, Lahore",Petrol,Karachi,White,660,,manual,1630000
Toyota Corolla 1.3 XLI 2010,Toyota,Corolla,1.3 XLI,2011,"75,652","Shop No 1, 2 Sawera Residency Ground floor Plot no 167 J Block 3 P.E.Cthis .H.S Society Main Khalid Bin Waleed Road Karachi, Karachi",Petrol,Karachi,White,,,manual,1450000
Honda Civic 1.8 i-VTEC Oriel CVT UG 2018,Honda,Civic,1.8 i-VTEC Oriel CVT UG,2018,"73,595","Ali Trade Centre, MM Alam Road, Block B1 Block B 1 Gulberg III, Lahore, Pakistan, Lahore",Petrol,Islamabad,White,,,automatic,3650000
Suzuki Swift 1.3 DX 2014,Suzuki,Swift,1.3 DX,2014,"119,701","Ali Trade Centre, MM Alam Road, Block B1 Block B 1 Gulberg III, Lahore, Pakistan, Lahore",Petrol,Peshawar,White,,,manual,1400000
Suzuki Swift 1.3 DX 2015,Suzuki,Swift,1.3 DX,2015,"139,244","Ali Trade Centre, MM Alam Road, Block B1 Block B 1 Gulberg III, Lahore, Pakistan, Lahore",Petrol,Peshawar,White,,,manual,1500000
Suzuki Alto 660cc VXR 2021,Suzuki,Alto,660cc VXR,2021,"13,183","Shop No 1, 2 Sawera Residency Ground floor Plot no 167 J Block 3 P.E.Cthis .H.S Society Main Khalid Bin Waleed Road Karachi, Karachi",Petrol,Karachi,White,660,,manual,1730000
Suzuki Swift 1.3 DX 2014,Suzuki,Swift,1.3 DX,2014,"121,503","Ali Trade Centre, MM Alam Road, Block B1 Block B 1 Gulberg III, Lahore, Pakistan, Lahore",Petrol,Peshawar,White,,,manual,1370000
Mercedes Benz E-Class 1.8 E200 Kompressor 2003,Mercedes Benz,E-Class,1.8 E200 Kompressor,2003,"195,478","Ali Trade Centre, MM Alam Road, Block B1 Block B 1 Gulberg III, Lahore, Pakistan, Lahore",Petrol,Lahore,Black,,,automatic,2500000
Toyota Corolla 1.3 XLI 2015,Toyota,Corolla,1.3 XLI,2015,"1,456","Shop No 1, 2 Sawera Residency Ground floor Plot no 167 J Block 3 P.E.Cthis .H.S Society Main Khalid Bin Waleed Road Karachi, Karachi",Petrol,Karachi,Black,,,manual,2120000
Hyundai Santro 1.0 Club GV 2006,Hyundai,Santro,1.0 Club GV,2006,"190,110","Shop No 1, 2 Sawera Residency Ground floor Plot no 167 J Block 3 P.E.Cthis .H.S Society Main Khalid Bin Waleed Road Karachi, Karachi",PetrolCompressedNaturalGas,Karachi,White,,,manual,780000
Toyota Corolla 1.3 GLI 2002,Toyota,Corolla,1.3 GLI,2002,"178,861","Plot, gate # 1, old bulb factory, near hamza qausia lawn & edhi center, hassan square Karachi., Karachi",Petrol,Karachi,Green,,,manual,1350000
Honda Civic 1.8 i-VTEC Oriel CVT UG - FaceLift 2019,Honda,Civic,1.8 i-VTEC Oriel CVT UG - FaceLift,2019,"84,956","Shop No 1, 2 Sawera Residency Ground floor Plot no 167 J Block 3 P.E.Cthis .H.S Society Main Khalid Bin Waleed Road Karachi, Karachi",Petrol,Karachi,Black,,,automatic,3950000
