title,make,model,year,mileagekm,location,fueltype,registeredcity,color,enginecapacitycc,assembly,automatic,pricePKR,VXR,VXL
Toyota Corolla SE Saloon Automatic 2004,Toyota,Corolla,2004,186000,Husaini chowk Ranger market hasil pur road,Petrol,Karachi,White,1600,local,automatic,120000,0,0
Toyota Corolla Altis Grande CVT-i 1.8 2016,Toyota,Corolla,2016,159000,unknownLocation,Petrol,Punjab,White,1800,local,automatic,310000,0,0
Toyota Raize 2021,Toyota,Raize,2021,1700,189-B PakArab Society Ferozpur Road15-A Moulana Shoukat Ali Road,Petrol,Un-Registered,Red,1000,Imported,automatic,439500,0,0
Honda Civic VTi Oriel 1.6 2004,Honda,Civic,2004,285000,unknownLocation,Petrol,Sialkot,Grey,1600,local,unknown,137500,0,0
Toyota Vitz F 1.0 2018,Toyota,Vitz,2018,38000,Hockey Stadium Near Gourmet Bakery,Petrol,Lahore,White,1000,local,automatic,275000,0,0
Honda Vezel Hybrid Z Honda Sensing  2015,Honda,Vezel,2015,80000,"New M.A jinnah road, karachi, sindh, pakistan",Petrol,Karachi,White,1500,Imported,automatic,395000,0,0
Suzuki Bolan 2021,Suzuki,Bolan,2021,14000,unknownLocation,Petrol,Islamabad,White,1000,local,unknown,127000,0,0
Honda Civic VTi Oriel Automatic 1.6 2000,Honda,Civic,2000,257000,unknownLocation,Petrol,Islamabad,Grey,1600,local,automatic,114500,0,0
Suzuki Cultus EURO II 2014,Suzuki,Cultus,2014,58750,unknownLocation,Petrol,Karachi,Grey,1000,local,unknown,115000,0,0
Toyota Corolla GLi 1.3 2002,Toyota,Corolla,2002,110000,unknownLocation,CompressedNaturalGas,Islamabad,Silver,1300,local,unknown,149000,0,0
Honda Vezel Hybrid Z Honda Sensing  2016,Honda,Vezel,2016,68000,unknownLocation,Petrol,Islamabad,White,1500,Imported,automatic,425000,0,0
Toyota Corolla GLi Automatic 1.6 VVTi 2012,Toyota,Corolla,2012,93000,unknownLocation,Petrol,Punjab,Olive Mica,1600,local,automatic,240000,0,0
Toyota Corolla XLi 2008,Toyota,Corolla,2008,110000,unknownLocation,Petrol,Punjab,White,1300,local,unknown,198000,0,0
Honda City 1.3 i-VTEC 2021,Honda,City,2021,15770,Multan,Petrol,Un-Registered,White,1300,local,unknown,270000,0,0
Suzuki Mehran VXR (CNG) 2010,Suzuki,Mehran,2010,120000,unknownLocation,Petrol,Islamabad,Silver,800,local,unknown,67000,1,0
Nissan Note X 2016,Nissan,Note,2016,79000,37-A Main Boulevard Shok Chowk Johar Town Lahore.,CompressedNaturalGas,Punjab,Black,1200,Imported,automatic,315000,0,0
Honda Civic VTi Oriel Prosmatec 1.8 i-VTEC 2007,Honda,Civic,2007,10000,unknownLocation,Petrol,Karachi,Grey,1800,local,automatic,157000,0,0
Suzuki Cultus VXL 2020,Suzuki,Cultus,2022,31000,Jail Road,Petrol,Punjab,White,1000,local,unknown,235000,0,1
Toyota Land Cruiser ZX 2017,Toyota,Land,2017,39000,23-A Moulana Shoukat Ali Road Johar Town Lahore.,Petrol,Un-Registered,Pearl Black,4600,Imported,automatic,35100000,0,0
Honda Civic Oriel 2022,Honda,Civic,2022,10,unknownLocation,Petrol,Un-Registered,White,1500,local,automatic,605000,0,0
Toyota Hiace GL 2012,Toyota,Hiace,2012,150000,unknownLocation,Petrol,Punjab,Silver,2700,Imported,automatic,400000,0,0
KIA Picanto 1.0 MT 2021,KIA,Picanto,2021,17500,unknownLocation,Petrol,Punjab,Silver,1000,local,unknown,218500,0,0
Toyota Hilux Revo V Automatic 2.8 2020,Toyota,Hilux,2020,21000,"34-A, Jail Road Lahore",CompressedNaturalGas,Lahore,Black,2800,local,automatic,825000,0,0
Honda City 1.3 i-VTEC Prosmatec 2019,Honda,City,2019,47000,G/11 Markaz Near Punjab Bank Islamabad,Petrol,Islamabad,White,1300,local,automatic,279500,0,0
Toyota Aqua 2019,Toyota,Aqua,2019,46000,unknownLocation,CompressedNaturalGas,Un-Registered,Blue,1500,Imported,automatic,378000,0,0
Toyota Corolla Altis Automatic 1.6 2021,Toyota,Corolla,2021,5000,unknownLocation,Petrol,Un-Registered,White,1600,local,automatic,387500,0,0
Toyota Hilux Revo V Automatic 2.8 2021,Toyota,Hilux,2021,15000,3-B Main Jail Road Lahore,CompressedNaturalGas,Punjab,Black,2800,local,automatic,935000,0,0
Suzuki Alto VXR (CNG) 2009,Suzuki,Alto,2009,100000,unknownLocation,Petrol,Karachi,Olive Green,1000,local,unknown,73000,1,0
Suzuki Cultus VXR 2005,Suzuki,Cultus,2005,496000,unknownLocation,Petrol,Faisalabad,Silver,1000,local,unknown,55000,1,0
Honda City 2010,Honda,City,2010,100000,unknownLocation,Petrol,Lahore,Grey,1300,local,unknown,160000,0,0
Suzuki Khyber Limited Edition 1989,Suzuki,Khyber,1989,150000,unknownLocation,Petrol,Lahore,Grey,1000,Imported,unknown,35000,0,0
Suzuki Liana LXi 2008,Suzuki,Liana,2008,110355,unknownLocation,Petrol,Islamabad,White,1300,local,unknown,113000,0,0
Suzuki Wagon R VXL 2022,Suzuki,Wagon,2022,115,unknownLocation,Petrol,Punjab,White,1000,local,unknown,240000,0,1
Toyota Hiace 2009,Toyota,Hiace,2009,300000,unknownLocation,Petrol,Lahore,Silver,2700,Imported,automatic,320000,0,0
Honda Freed + Hybrid G Honda Sensing 2012,Honda,Freed,2012,150000,unknownLocation,CompressedNaturalGas,Islamabad,Turquoise,1500,Imported,automatic,255000,0,0
Nissan Juke 15RS 2010,Nissan,Juke,2010,115000,unknownLocation,Petrol,Karachi,White,1500,Imported,automatic,216500,0,0
Honda Civic Oriel 2022,Honda,Civic,2022,5,unknownLocation,Petrol,Un-Registered,Silver,1500,local,automatic,605000,0,0
Toyota Corolla XLi VVTi Limited Edition 2011,Toyota,Corolla,2011,220000,unknownLocation,Petrol,Islamabad,White,1300,local,unknown,195000,0,0
KIA Picanto 1.0 AT 2021,KIA,Picanto,2021,2501,unknownLocation,Petrol,Punjab,Blue,1000,Imported,automatic,270000,0,0
KIA Sportage AWD 2021,KIA,Sportage,2021,24000,unknownLocation,Petrol,Islamabad,Black,2000,local,automatic,610000,0,0
Honda Civic 1.8 i-VTEC CVT 2018,Honda,Civic,2018,100000,unknownLocation,Petrol,Karachi,White,1800,Imported,automatic,360000,0,0
Toyota Corolla GLi 1.3 VVTi 2009,Toyota,Corolla,2009,144000,unknownLocation,Petrol,Lahore,Green,1300,local,unknown,178000,0,0
Changan Alsvin 1.5L DCT Lumiere 2022,Changan,Alsvin,2022,5,unknownLocation,Petrol,Un-Registered,White,1500,local,automatic,308000,0,0
Daihatsu Cuore CX Ecomatic 2007,Daihatsu,Cuore,2007,112000,Husaini chowk Ranger market hasil pur road,Petrol,Lahore,White,800,local,automatic,75000,0,0
Toyota Corolla Altis Automatic 1.6 2020,Toyota,Corolla,2020,40000,"Goga Car Classic  Shop No. 5, 45- Fayyaz Plaza, Near PIA Building, Fazl-haq Road, Blue Area, Islamabad.03006088001",Petrol,Islamabad,White,1600,local,automatic,380000,0,0
Toyota Passo G 1.0 2006,Toyota,Passo,2006,98000,unknownLocation,Petrol,Karachi,Silver,1000,Imported,automatic,122500,0,0
Proton X70 Premium FWD 2021,Proton,X70,2021,17000,"12A Ronaq Trade Centre, Service Lane Shop No. 4&5",Petrol,Sindh,White,1500,Imported,automatic,659000,0,0
Toyota Hilux Revo V Automatic 3.0  2017,Toyota,Hilux,2017,60000,"34-A, Jail Road Lahore",CompressedNaturalGas,Islamabad,Black,3000,local,automatic,720000,0,0
Suzuki Cultus EURO II 2008,Suzuki,Cultus,2008,2586,unknownLocation,Petrol,Lahore,Maroon,1000,local,unknown,85000,0,0
Suzuki APV GLX 2007,Suzuki,APV,2007,172900,unknownLocation,Petrol,Lahore,Gold,1500,local,unknown,145000,0,0
Suzuki Bolan VX Euro II 2016,Suzuki,Bolan,2016,59500,unknownLocation,Petrol,Lahore,White,800,local,unknown,89000,0,0
Suzuki Mehran VXR (CNG) 2010,Suzuki,Mehran,2010,20000,unknownLocation,Petrol,Lahore,Grey,800,local,unknown,65000,1,0
Honda Vezel Hybrid Z Honda Sensing  2016,Honda,Vezel,2016,39780,unknownLocation,CompressedNaturalGas,Un-Registered,Silver,1500,Imported,automatic,507500,0,0
Honda Civic Oriel 1.8 i-VTEC CVT 2018,Honda,Civic,2018,52000,unknownLocation,Petrol,Punjab,White,1800,local,automatic,385000,0,0
Suzuki Bolan VX Euro II 2021,Suzuki,Bolan,2021,7000,unknownLocation,Petrol,Islamabad,White,800,local,unknown,128000,0,0
Honda Civic RS 2022,Honda,Civic,2022,5,unknownLocation,Petrol,Un-Registered,Grey,1500,local,automatic,735000,0,0
Honda Civic VTi 1.8 i-VTEC 2012,Honda,Civic,2012,117000,unknownLocation,Petrol,Islamabad,Silver,1800,local,unknown,230000,0,0
Suzuki Wagon R VXL 2016,Suzuki,Wagon,2016,890000,unknownLocation,Petrol,Lahore,Silver,1000,local,unknown,155000,0,1
Honda BR-V i-VTEC S 2022,Honda,BR-V,2022,1,unknownLocation,Petrol,Islamabad,White,1500,local,automatic,430000,0,0
Suzuki Bolan 2011,Suzuki,Bolan,2011,60000,unknownLocation,Petrol,Rawalpindi,White,800,local,unknown,98500,0,0
Suzuki Alto VXL AGS 2022,Suzuki,Alto,2022,45,unknownLocation,Petrol,Un-Registered,Silver,660,local,automatic,220000,0,1
Toyota Corolla XLi VVTi 2017,Toyota,Corolla,2017,54000,unknownLocation,Petrol,Islamabad,White,1300,local,unknown,259000,0,0
FAW X-PV Standard 2017,FAW,X-PV,2017,30000,unknownLocation,Petrol,Punjab,Silver,1000,local,unknown,85000,0,0
Toyota Surf SSR-G 3.4 2003,Toyota,Surf,2003,162000,6th road near Nawaz Sharif park,Petrol,Lahore,White,3400,Imported,automatic,695000,0,0
Honda Civic Oriel Prosmatec UG 2015,Honda,Civic,2015,142000,unknownLocation,Petrol,Islamabad,Black,1800,local,automatic,280000,0,0
Toyota Prado RZ 3.0D (3-Door) 1996,Toyota,Prado,1996,98000,unknownLocation,CompressedNaturalGas,Multan,Red,3000,Imported,automatic,295000,0,0
Toyota Passo X G Package 2013,Toyota,Passo,2013,100000,unknownLocation,Petrol,Islamabad,Silver,1000,Imported,automatic,205000,0,0
Suzuki Liana LXi 2007,Suzuki,Liana,2007,147000,unknownLocation,Petrol,Karachi,White,1300,local,unknown,83500,0,0
Changan Alsvin 1.5L DCT Lumiere 2022,Changan,Alsvin,2022,10,jail road Lahore,Petrol,Un-Registered,Grey,1500,local,automatic,1174800,0,0
Toyota Corolla XLi VVTi 2010,Toyota,Corolla,2010,130000,unknownLocation,Petrol,Sindh,Black,1300,local,unknown,154000,0,0
Honda CR-Z Sports Hybrid Alpha 2021,Honda,CR-Z,2021,67000,Main Boulevard DHA Lahore,Petrol,Lahore,Yellow,1500,Imported,automatic,242500,0,0
Honda City Aspire 1.5 i-VTEC 2013,Honda,City,2013,82000,unknownLocation,Petrol,Karachi,Black,1500,local,unknown,200000,0,0
Suzuki Hustler G 2019,Suzuki,Hustler,2019,38000,37-A Main Boulevard Shok Chowk Johar Town Lahore.,Petrol,Un-Registered,Green,660,Imported,automatic,245000,0,0
Toyota Corolla GLi 1.3 VVTi 2010,Toyota,Corolla,2010,177000,unknownLocation,Petrol,Sindh,Grey,1300,local,unknown,159500,0,0
Toyota Prado TX 2.7 2011,Toyota,Prado,2011,90000,6th road near Nawaz Sharif park,Petrol,Lahore,Black,2700,Imported,automatic,12600000,0,0
Toyota Aqua G 2013,Toyota,Aqua,2013,110846,unknownLocation,CompressedNaturalGas,Karachi,White,1500,Imported,automatic,255000,0,0
Toyota Prado TZ 3.4 2004,Toyota,Prado,2004,130000,unknownLocation,Petrol,Lahore,White,3400,Imported,automatic,800000,0,0
Toyota Belta X S Package 1.0 2012,Toyota,Belta,2012,170000,unknownLocation,Petrol,Karachi,White,1000,Imported,automatic,155000,0,0
Toyota Hilux Revo V Automatic 2.8 2022,Toyota,Hilux,2022,10,unknownLocation,CompressedNaturalGas,Un-Registered,Black,2800,local,automatic,920000,0,0
MG HS 1.5 Turbo 2020,MG,HS,2020,5000,"22/23 Johar Town, Moulana Shaukat Ali Road",Petrol,Lahore,White,1500,Imported,automatic,615000,0,0
Honda Civic VTi Prosmatec 1.8 i-VTEC 2014,Honda,Civic,2014,97000,unknownLocation,Petrol,Karachi,White,1800,local,automatic,260000,0,0
Toyota Hilux D-4D Automatic 2006,Toyota,Hilux,2006,118000,827-C Faisal Town Molana Shaukat Ali Road,CompressedNaturalGas,Karachi,Black,3000,Imported,automatic,348000,0,0
Suzuki Wagon R VXR 2015,Suzuki,Wagon,2015,129000,unknownLocation,Petrol,Islamabad,White,1000,local,unknown,152500,1,0
Honda Civic VTi Oriel Prosmatec 1.8 i-VTEC 2014,Honda,Civic,2014,86000,unknownLocation,Petrol,Karachi,Black,1800,local,automatic,246500,0,0
Honda Civic Oriel 2022,Honda,Civic,2022,5,unknownLocation,Petrol,Un-Registered,Grey,1500,local,automatic,605000,0,0
Toyota Surf SSR-X 3.4 2004,Toyota,Surf,2004,125000,unknownLocation,Petrol,Islamabad,Silver,3400,Imported,automatic,550000,0,0
Honda Civic Oriel Prosmatec UG 2015,Honda,Civic,2015,160000,unknownLocation,Petrol,Islamabad,White,1800,local,automatic,297500,0,0
Toyota C-HR 2017,Toyota,C-HR,2017,5000,unknownLocation,CompressedNaturalGas,Un-Registered,White,1800,Imported,automatic,669500,0,0
Suzuki Swift DLX 1.3 2019,Suzuki,Swift,2019,31000,unknownLocation,Petrol,Gujar Khan,White,1300,local,unknown,198000,0,0
Honda Civic VTi 1.8 i-VTEC 2007,Honda,Civic,2007,195000,unknownLocation,Petrol,Lahore,Green,1800,local,unknown,145000,0,0
Changan Alsvin 1.5L DCT Lumiere 2022,Changan,Alsvin,2022,5,unknownLocation,Petrol,Un-Registered,Silver,1500,local,automatic,300000,0,0
Toyota Aqua G 2013,Toyota,Aqua,2013,110646,unknownLocation,CompressedNaturalGas,Karachi,White,1500,Imported,automatic,255000,0,0
Suzuki Cultus VXRi 2010,Suzuki,Cultus,2010,150000,unknownLocation,Petrol,Lahore,Silver,1000,local,unknown,88000,1,0
Mercedes Benz E Class E200 2006,Mercedes,Benz,2006,95000,827-C Faisal Town Molana Shaukat Ali Road,Petrol,Lahore,Black,1800,Imported,automatic,360000,0,0
Suzuki Wagon R 2014,Suzuki,Wagon,2014,69000,unknownLocation,Petrol,Karachi,Burgundy,660,Imported,automatic,155000,0,0
Honda City Aspire 1.3 i-VTEC 2016,Honda,City,2016,90000,G/11 Markaz Near Punjab Bank Islamabad,Petrol,Islamabad,White,1300,local,unknown,229500,0,0
Toyota Corolla GLi 1.3 VVTi 2015,Toyota,Corolla,2015,26000,unknownLocation,Petrol,Islamabad,Grey,1300,local,unknown,295000,0,0
Toyota Prado TX 2.7 2003,Toyota,Prado,2003,125000,Main Boulevard DHA Lahore,Petrol,Lahore,Silver,2700,Imported,automatic,580000,0,0
Toyota Yaris Cross Hybrid Z 2020,Toyota,Yaris,2020,29000,"50-E, Moulana Shaukat Ali Road, Johar town Lahore",CompressedNaturalGas,Un-Registered,Silver,1500,Imported,automatic,367500,0,0
Honda Vezel 2014,Honda,Vezel,2014,76000,unknownLocation,Petrol,Islamabad,White,1500,Imported,automatic,370000,0,0
KIA Picanto 1.0 AT 2021,KIA,Picanto,2021,4700,unknownLocation,Petrol,Punjab,White,1000,local,automatic,252500,0,0
Toyota Vitz F 1.3 2005,Toyota,Vitz,2005,160000,unknownLocation,Petrol,Multan,Silver,1300,Imported,automatic,142500,0,0
Suzuki Cultus Limited Edition 2016,Suzuki,Cultus,2016,65000,unknownLocation,Petrol,Sindh,White,1000,local,unknown,128000,0,0
Toyota Hilux Revo V Automatic 2.8 2020,Toyota,Hilux,2020,21000,Jail road Lahore,CompressedNaturalGas,Lahore,Black,2800,local,automatic,860000,0,0
Toyota Hilux Revo V Automatic 2.8 2020,Toyota,Hilux,2020,18800,"Shara e Quaideen Road,Karachi",CompressedNaturalGas,Karachi,White,2800,local,automatic,1174800,0,0
Toyota Corolla Altis Grande CVT-i 1.8 2018,Toyota,Corolla,2018,64000,unknownLocation,Petrol,Karachi,White,1800,local,automatic,355000,0,0
Suzuki Wagon R VXL 2017,Suzuki,Wagon,2017,69000,unknownLocation,Petrol,Rawalpindi,Grey,1000,local,unknown,165000,0,1
Toyota Corolla GLi 1.3 VVTi 2010,Toyota,Corolla,2010,164000,unknownLocation,Petrol,Karachi,Gold,1300,local,unknown,149000,0,0
Toyota Corolla Altis Grande CVT-i 1.8 2014,Toyota,Corolla,2014,91000,unknownLocation,Petrol,Lahore,White,1800,Imported,automatic,279000,0,0
Hyundai Tucson FWD A/T GLS Sport 2022,Hyundai,Tucson,2022,1,unknownLocation,Petrol,Un-Registered,White,2000,local,automatic,655000,0,0
Honda Civic VTi 1.8 i-VTEC 2009,Honda,Civic,2009,153000,unknownLocation,Petrol,Lahore,Black,1800,local,unknown,165000,0,0
Suzuki Alto VXR 2022,Suzuki,Alto,2022,25,unknownLocation,Petrol,Un-Registered,Silver,660,local,unknown,180000,1,0
Honda City 1.5L CVT 2022,Honda,City,2022,1,unknownLocation,Petrol,Un-Registered,Grey,1500,local,automatic,352000,0,0
Toyota Corolla SE Limited 1994,Toyota,Corolla,1994,81595,unknownLocation,Petrol,Un-Registered,Navy,1600,Imported,unknown,132000,0,0
Mitsubishi Ek Wagon 2011,Mitsubishi,Ek,2011,62405,unknownLocation,Petrol,Lahore,Silver,660,Imported,automatic,147500,0,0
Daihatsu Mira L 2018,Daihatsu,Mira,2018,34000,37-A Main Boulevard Shok Chowk Johar Town Lahore.,Petrol,Un-Registered,Black,660,Imported,automatic,225000,0,0
Honda Civic Oriel 2022,Honda,Civic,2022,5,unknownLocation,Petrol,Un-Registered,Black,1500,local,automatic,605000,0,0
Toyota Corolla XLi VVTi 2017,Toyota,Corolla,2017,30000,unknownLocation,Petrol,Islamabad,White,1300,local,unknown,295000,0,0
Changan Karvaan Plus 2022,Changan,Karvaan,2022,5,unknownLocation,Petrol,Un-Registered,White,1000,local,unknown,212500,0,0
Suzuki Cultus VXR 2007,Suzuki,Cultus,2007,100000,unknownLocation,Petrol,Lahore,White,1000,local,unknown,67500,1,0
Honda City 1.3 i-VTEC Prosmatec 2019,Honda,City,2019,31424,"37 Commercial Zone, Liberty Market Lahore",Petrol,Karachi,White,1300,local,automatic,270000,0,0
Suzuki Cultus VXL 2006,Suzuki,Cultus,2006,170000,unknownLocation,Petrol,Lahore,Gold,1000,local,unknown,65000,0,1
Honda Civic VTi Oriel Prosmatec 1.8 i-VTEC 2011,Honda,Civic,2011,130000,unknownLocation,Petrol,Lahore,Grey,1800,local,automatic,228500,0,0
Daihatsu Mira Custom X 2010,Daihatsu,Mira,2010,65000,unknownLocation,Petrol,Lahore,Gold,660,Imported,automatic,119000,0,0
KIA Sportage AWD 2020,KIA,Sportage,2020,180,unknownLocation,Petrol,Un-Registered,Black,2000,local,automatic,590000,0,0
Suzuki Cultus Auto Gear Shift 2020,Suzuki,Cultus,2020,28000,unknownLocation,Petrol,Karachi,White,1000,local,automatic,249500,0,0
Suzuki Alto VXR 2008,Suzuki,Alto,2008,140000,unknownLocation,Petrol,Sindh,Green,1000,local,unknown,64000,1,0
Suzuki Alto VXR 2019,Suzuki,Alto,2019,45000,Baghdad Station Near Baqri Pump Hasil Pur Road Bahwalpur,Petrol,Lahore,White,660,local,unknown,162500,1,0
Toyota Corolla SE Saloon Automatic 2004,Toyota,Corolla,2004,260000,unknownLocation,Petrol,Lahore,Metallic Green,1600,local,automatic,185000,0,0
Honda Civic VTi 1.8 i-VTEC 2012,Honda,Civic,2012,82000,unknownLocation,Petrol,Sindh,Black,1800,local,unknown,220000,0,0
Toyota Yaris ATIV CVT 1.3 2021,Toyota,Yaris,2021,9000,unknownLocation,Petrol,Gujranwala,Black,1300,local,automatic,300000,0,0
Toyota Premio X EX Package 1.8 2017,Toyota,Premio,2017,35000,Block-A Usaid plaza blue area Islamabad,Petrol,Un-Registered,Burgundy,1800,Imported,automatic,785000,0,0
Suzuki Cultus VXL 2021,Suzuki,Cultus,2021,11000,Baghdad Station Near Baqri Pump Hasil Pur Road Bahwalpur,Petrol,Punjab,White,1000,local,unknown,262500,0,1
Toyota Vitz B Intelligent Package 1.0 2008,Toyota,Vitz,2008,102000,unknownLocation,Petrol,Islamabad,White,1000,Imported,automatic,191500,0,0
MG HS 1.5 Turbo 2021,MG,HS,2021,90,"148/4-A, Sehgal Plaza, Murree Road,Saddar, Rawalpindi Cantt",Petrol,Un-Registered,White,1500,local,automatic,1174800,0,0
Suzuki Bolan 2019,Suzuki,Bolan,2019,16300,unknownLocation,Petrol,Islamabad,White,800,local,unknown,117000,0,0
Toyota Corona 1994,Toyota,Corona,1994,1,unknownLocation,Petrol,Karachi,Grey,1600,local,unknown,140000,0,0
Honda Vezel Hybrid Z 2016,Honda,Vezel,2016,83000,37-A Main Boulevard Shok Chowk Johar Town Lahore.,CompressedNaturalGas,Un-Registered,Navy,1500,Imported,automatic,450000,0,0
Toyota Vitz F Limited 1.0 2019,Toyota,Vitz,2019,60085,189-B PakArab Society Ferozpur Road15-A Moulana Shoukat Ali Road,Petrol,Un-Registered,Gold,1000,Imported,automatic,307500,0,0
Nissan Dayz Highway Star 2015,Nissan,Dayz,2015,80000,unknownLocation,Petrol,Rawalpindi,Grey,1000,Imported,automatic,162000,0,0
Suzuki Mehran VX (CNG) 2012,Suzuki,Mehran,2012,16,unknownLocation,CompressedNaturalGas,Abbottabad,White,800,local,unknown,58000,0,0
Suzuki Cultus Limited Edition 2016,Suzuki,Cultus,2016,66000,unknownLocation,Petrol,Lahore,White,1000,local,unknown,128000,0,0
Toyota Corolla XLi 2004,Toyota,Corolla,2004,275000,unknownLocation,Petrol,Faisalabad,White,1300,local,unknown,125000,0,0
Suzuki Every PA 2009,Suzuki,Every,2009,85000,unknownLocation,Petrol,Islamabad,White,660,Imported,automatic,136500,0,0
Suzuki Alto VXR 2021,Suzuki,Alto,2021,8500,unknownLocation,Petrol,Rawalpindi,White,660,local,unknown,182500,1,0
Suzuki Cultus VXR 2007,Suzuki,Cultus,2007,95000,unknownLocation,Petrol,Lahore,White,1000,local,unknown,66500,1,0
Honda Civic VTi Oriel Prosmatec 1.8 i-VTEC 2009,Honda,Civic,2009,130000,unknownLocation,Petrol,Karachi,Silver,1800,local,automatic,155000,0,0
Suzuki Every 2012,Suzuki,Every,2012,99000,unknownLocation,Petrol,Lahore,White,1000,Imported,automatic,129000,0,0
Toyota Land Cruiser VX 4.2D 2002,Toyota,Land,2002,214000,Blue Area Islamabad,CompressedNaturalGas,Islamabad,White,4200,Imported,automatic,620000,0,0
Honda Civic Oriel 1.8 i-VTEC CVT 2021,Honda,Civic,2021,4500,unknownLocation,Petrol,Islamabad,White,1800,local,automatic,477000,0,0
Toyota Fortuner 2.8 Sigma 4 2019,Toyota,Fortuner,2019,750000,unknownLocation,CompressedNaturalGas,Islamabad,White,2800,local,automatic,968500,0,0
Honda Civic VTi Oriel 1.6 2004,Honda,Civic,2004,130000,unknownLocation,Petrol,Sindh,White,1600,local,automatic,135000,0,0
Toyota Vitz F 1.0 2018,Toyota,Vitz,2018,29000,"50-E, Moulana Shaukat Ali Road, Johar town Lahore",Petrol,Un-Registered,Black,1000,Imported,automatic,289500,0,0
Honda Freed + Hybrid B 2012,Honda,Freed,2012,78000,unknownLocation,Petrol,Karachi,White,1500,Imported,automatic,245000,0,0
Toyota Prado TX L Package 2.7 2017,Toyota,Prado,2017,27500,unknownLocation,Petrol,Un-Registered,Pearl White,2700,Imported,automatic,25000000,0,0
Toyota Prado TX 2.7 2012,Toyota,Prado,2012,90000,unknownLocation,Petrol,Islamabad,White,2700,Imported,automatic,14200000,0,0
Toyota Prado TX 4.0 2013,Toyota,Prado,2013,70000,unknownLocation,Petrol,Islamabad,White,4000,Imported,automatic,15900000,0,0
Suzuki Alto VXR 2010,Suzuki,Alto,2010,1234,unknownLocation,Petrol,Peshawar,White,1000,local,unknown,72000,1,0
Honda City 1.2L M/T 2022,Honda,City,2022,100,unknownLocation,Petrol,Un-Registered,White,1200,local,unknown,340000,0,0
Honda Civic VTi Oriel 1.6 2001,Honda,Civic,2001,245467,unknownLocation,Petrol,Sindh,Pink,1600,local,unknown,96000,0,0
Suzuki Wagon R VXL 2022,Suzuki,Wagon,2022,10,unknownLocation,Petrol,Un-Registered,White,1000,local,unknown,219000,0,1
Toyota Rush G A/T 2019,Toyota,Rush,2019,61000,unknownLocation,Petrol,Sindh,Black,1500,Imported,automatic,570000,0,0
Honda Civic Oriel 1.8 i-VTEC CVT 2018,Honda,Civic,2018,33000,unknownLocation,Petrol,Lahore,Black,1800,local,automatic,387500,0,0
Suzuki Alto ECO-L 2013,Suzuki,Alto,2013,100000,unknownLocation,Petrol,Islamabad,Blue,660,Imported,automatic,147500,0,0
Proton Saga 1.3L Standard M/T 2021,Proton,Saga,2021,4000,unknownLocation,Petrol,Islamabad,White,1300,Imported,unknown,235000,0,0
Toyota Fortuner 2.8 Sigma 4 2021,Toyota,Fortuner,2021,15500,unknownLocation,CompressedNaturalGas,Lahore,Black,2800,local,automatic,11100000,0,0
Suzuki Mehran VX Euro II 2016,Suzuki,Mehran,2016,74000,unknownLocation,Petrol,Punjab,Grey,800,local,unknown,85000,0,0
Honda Civic VTi 1.8 i-VTEC 2014,Honda,Civic,2014,200000,unknownLocation,Petrol,Islamabad,White,1800,local,unknown,245000,0,0
Toyota Corolla Altis Grande CVT-i 1.8 2015,Toyota,Corolla,2015,95000,unknownLocation,Petrol,Islamabad,Grey,1800,local,automatic,290000,0,0
Audi e-tron 50 Quattro 230 kW 2022,Audi,e-tron,2022,50,96 FeroazPur road Ichra Lahore,CompressedNaturalGas,Un-Registered,White,1439,local,automatic,18500000,0,0
Honda City 1.3 i-VTEC 2017,Honda,City,2017,72000,unknownLocation,Petrol,Islamabad,Black,1300,local,unknown,265000,0,0
KIA Sportage AWD 2021,KIA,Sportage,2021,7500,"New M.A jinnah road, karachi, sindh, pakistan",Petrol,Un-Registered,White,2000,local,automatic,565000,0,0
Suzuki Alto VXR 2021,Suzuki,Alto,2021,5300,unknownLocation,Petrol,Multan,White,660,local,unknown,182500,1,0
Suzuki Wagon R Hybrid FZ 2018,Suzuki,Wagon,2018,48000,Hockey Stadium Near Gourmet Bakery,CompressedNaturalGas,Islamabad,Silver,660,Imported,automatic,265000,0,0
Toyota Prado TX 2.7 2003,Toyota,Prado,2003,125000,Main Boulevard DHA Lahore,Petrol,Lahore,Silver,2700,Imported,automatic,580000,0,0
Honda Civic Oriel 1.8 i-VTEC CVT 2021,Honda,Civic,2021,4500,unknownLocation,Petrol,Islamabad,White,1800,local,automatic,477000,0,0
Suzuki Liana LXi 2007,Suzuki,Liana,2007,147000,unknownLocation,Petrol,Karachi,White,1300,local,unknown,83500,0,0
Toyota Vitz F 1.0 2018,Toyota,Vitz,2018,38000,Hockey Stadium Near Gourmet Bakery,Petrol,Lahore,White,1000,local,automatic,275000,0,0
Toyota Corolla SE Saloon Automatic 2004,Toyota,Corolla,2004,186000,Husaini chowk Ranger market hasil pur road,Petrol,Karachi,White,1600,local,automatic,120000,0,0
Nissan Juke 15RS 2010,Nissan,Juke,2010,115000,unknownLocation,Petrol,Karachi,White,1500,Imported,automatic,216500,0,0
Toyota Hiace GL 2012,Toyota,Hiace,2012,150000,unknownLocation,Petrol,Punjab,Silver,2700,Imported,automatic,400000,0,0
Suzuki Alto VXR 2008,Suzuki,Alto,2008,140000,unknownLocation,Petrol,Sindh,Green,1000,local,unknown,64000,1,0
KIA Sportage AWD 2021,KIA,Sportage,2021,24000,unknownLocation,Petrol,Islamabad,Black,2000,local,automatic,610000,0,0
Toyota Vitz F 1.0 2018,Toyota,Vitz,2018,29000,"50-E, Moulana Shaukat Ali Road, Johar town Lahore",Petrol,Un-Registered,Black,1000,Imported,automatic,289500,0,0
Mitsubishi Ek Wagon 2011,Mitsubishi,Ek,2011,62405,unknownLocation,Petrol,Lahore,Silver,660,Imported,automatic,147500,0,0
MG HS 1.5 Turbo 2020,MG,HS,2020,5000,"22/23 Johar Town, Moulana Shaukat Ali Road",Petrol,Lahore,White,1500,Imported,automatic,615000,0,0
Toyota Surf SSR-X 3.4 2004,Toyota,Surf,2004,125000,unknownLocation,Petrol,Islamabad,Silver,3400,Imported,automatic,550000,0,0
Suzuki Bolan 2021,Suzuki,Bolan,2021,14000,unknownLocation,Petrol,Islamabad,White,1000,local,unknown,127000,0,0
Toyota Fortuner 2.7 VVTi 2018,Toyota,Fortuner,2018,42000,unknownLocation,Petrol,Lahore,Black,2700,local,automatic,836500,0,0
Suzuki Alto VXR 2021,Suzuki,Alto,2021,5300,unknownLocation,Petrol,Multan,White,660,local,unknown,182500,1,0
Suzuki Wagon R Hybrid FZ 2018,Suzuki,Wagon,2018,48000,Hockey Stadium Near Gourmet Bakery,CompressedNaturalGas,Islamabad,Silver,660,Imported,automatic,265000,0,0
Toyota Corolla GLi Automatic 1.6 VVTi 2012,Toyota,Corolla,2012,93000,unknownLocation,Petrol,Punjab,Olive Mica,1600,local,automatic,240000,0,0
Toyota Yaris ATIV CVT 1.3 2021,Toyota,Yaris,2021,9000,unknownLocation,Petrol,Gujranwala,Black,1300,local,automatic,300000,0,0
Suzuki Alto VXL AGS 2022,Suzuki,Alto,2022,45,unknownLocation,Petrol,Un-Registered,Silver,660,local,automatic,220000,0,1
Honda City 1.3 i-VTEC 2021,Honda,City,2021,15770,Multan,Petrol,Un-Registered,White,1300,local,unknown,270000,0,0
Toyota Passo X 2018,Toyota,Passo,2018,21376,189-B PakArab Society Ferozpur Road15-A Moulana Shoukat Ali Road,Petrol,Un-Registered,Silver,1000,Imported,automatic,267500,0,0
Toyota Hilux Revo V Automatic 2.8 2021,Toyota,Hilux,2021,15000,3-B Main Jail Road Lahore,CompressedNaturalGas,Punjab,Black,2800,local,automatic,935000,0,0
Toyota C-HR 2017,Toyota,C-HR,2017,5000,unknownLocation,CompressedNaturalGas,Un-Registered,White,1800,Imported,automatic,669500,0,0
Suzuki Cultus EURO II 2014,Suzuki,Cultus,2014,58750,unknownLocation,Petrol,Karachi,Grey,1000,local,unknown,115000,0,0
Honda Civic VTi Oriel Prosmatec 1.8 i-VTEC 2014,Honda,Civic,2014,86000,unknownLocation,Petrol,Karachi,Black,1800,local,automatic,246500,0,0
Toyota Corolla Altis Grande CVT-i 1.8 2017,Toyota,Corolla,2017,55000,unknownLocation,Petrol,Karachi,White,1800,local,automatic,340000,0,0
Toyota Vitz B Intelligent Package 1.0 2008,Toyota,Vitz,2008,102000,unknownLocation,Petrol,Islamabad,White,1000,Imported,automatic,191500,0,0
Suzuki Wagon R VXL 2017,Suzuki,Wagon,2017,69000,unknownLocation,Petrol,Rawalpindi,Grey,1000,local,unknown,165000,0,1
Nissan Dayz 2019,Nissan,Dayz,2019,60000,unknownLocation,Petrol,Lahore,Maroon,660,Imported,automatic,182000,0,0
Toyota Corolla Altis Grande CVT-i 1.8 2018,Toyota,Corolla,2018,64000,unknownLocation,Petrol,Karachi,White,1800,local,automatic,355000,0,0
Toyota Corolla Altis Automatic 1.6 2017,Toyota,Corolla,2017,61000,unknownLocation,Petrol,Lahore,White,1600,local,automatic,335000,0,0
Honda Civic Oriel 2022,Honda,Civic,2022,5,unknownLocation,Petrol,Un-Registered,Grey,1500,local,automatic,605000,0,0
Suzuki Alto VXR 2019,Suzuki,Alto,2019,45000,Baghdad Station Near Baqri Pump Hasil Pur Road Bahwalpur,Petrol,Lahore,White,660,local,unknown,162500,1,0
Honda Civic VTi Oriel 1.6 2004,Honda,Civic,2004,130000,unknownLocation,Petrol,Sindh,White,1600,local,automatic,135000,0,0
KIA Picanto 1.0 AT 2021,KIA,Picanto,2021,4700,unknownLocation,Petrol,Punjab,White,1000,local,automatic,252500,0,0
Toyota Starlet 1.0 1981,Toyota,Starlet,1981,58000,unknownLocation,Petrol,Karachi,Turquoise,1000,local,unknown,25000,0,0
Honda Civic VTi Prosmatec 1.8 i-VTEC 2014,Honda,Civic,2014,97000,unknownLocation,Petrol,Karachi,White,1800,local,automatic,260000,0,0
Suzuki Cultus EURO II 2013,Suzuki,Cultus,2013,48000,unknownLocation,Petrol,Sindh,Smokegreen,1000,local,unknown,110000,0,0
Daihatsu Cuore CX 2007,Daihatsu,Cuore,2007,89000,unknownLocation,Petrol,Islamabad,Silver,800,local,unknown,89500,0,0
Suzuki Every PA 2009,Suzuki,Every,2009,85000,unknownLocation,Petrol,Islamabad,White,660,Imported,automatic,136500,0,0
Honda Vezel Hybrid Z Honda Sensing  2016,Honda,Vezel,2016,68000,unknownLocation,Petrol,Islamabad,White,1500,Imported,automatic,425000,0,0
Honda Civic VTi Oriel Prosmatec 1.8 i-VTEC 2007,Honda,Civic,2007,10000,unknownLocation,Petrol,Karachi,Grey,1800,local,automatic,157000,0,0
Toyota Corolla GLi 1.3 VVTi 2009,Toyota,Corolla,2009,144000,unknownLocation,Petrol,Lahore,Green,1300,local,unknown,178000,0,0
Daihatsu Terios 2007,Daihatsu,Terios,2007,150000,unknownLocation,Petrol,Lahore,Blue,1500,Imported,unknown,205000,0,0
Toyota Premio X EX Package 1.8 2017,Toyota,Premio,2017,35000,Block-A Usaid plaza blue area Islamabad,Petrol,Un-Registered,Burgundy,1800,Imported,automatic,785000,0,0
Honda City 1.3 i-VTEC 2013,Honda,City,2013,200000,unknownLocation,Petrol,Punjab,Silver,1300,local,unknown,180000,0,0
Nissan Dayz Highway Star 2015,Nissan,Dayz,2015,80000,unknownLocation,Petrol,Rawalpindi,Grey,1000,Imported,automatic,162000,0,0
Toyota Hilux Revo V Automatic 2.8 2020,Toyota,Hilux,2020,21000,Jail road Lahore,CompressedNaturalGas,Lahore,Black,2800,local,automatic,860000,0,0
KIA Picanto 1.0 AT 2021,KIA,Picanto,2021,2501,unknownLocation,Petrol,Punjab,Blue,1000,Imported,automatic,270000,0,0
Honda Freed + Hybrid G Honda Sensing 2012,Honda,Freed,2012,150000,unknownLocation,CompressedNaturalGas,Islamabad,Turquoise,1500,Imported,automatic,255000,0,0
Toyota Prado TX 2.7 2011,Toyota,Prado,2011,90000,6th road near Nawaz Sharif park,Petrol,Lahore,Black,2700,Imported,automatic,12600000,0,0
Toyota Hilux Revo V Automatic 2.8 2022,Toyota,Hilux,2022,10,unknownLocation,CompressedNaturalGas,Un-Registered,Black,2800,local,automatic,920000,0,0
Honda City Aspire 1.5 i-VTEC 2013,Honda,City,2013,82000,unknownLocation,Petrol,Karachi,Black,1500,local,unknown,200000,0,0
MG HS 1.5 Turbo 2021,MG,HS,2021,90,"148/4-A, Sehgal Plaza, Murree Road,Saddar, Rawalpindi Cantt",Petrol,Un-Registered,White,1500,local,automatic,1174800,0,0
Honda Civic VTi 1.8 i-VTEC 2012,Honda,Civic,2012,117000,unknownLocation,Petrol,Islamabad,Silver,1800,local,unknown,230000,0,0
Toyota Aqua S 2014,Toyota,Aqua,2014,120000,unknownLocation,CompressedNaturalGas,Islamabad,Pearl White,1500,Imported,automatic,287500,0,0
Suzuki Liana LXi 2008,Suzuki,Liana,2008,110355,unknownLocation,Petrol,Islamabad,White,1300,local,unknown,113000,0,0
Suzuki Every PA 2016,Suzuki,Every,2016,157383,189-B PakArab Society Ferozpur Road15-A Moulana Shoukat Ali Road,Petrol,Un-Registered,Yellow,660,Imported,automatic,165000,0,0
Toyota Corolla Altis Grande CVT-i 1.8 2014,Toyota,Corolla,2014,91000,unknownLocation,Petrol,Lahore,White,1800,Imported,automatic,279000,0,0
Suzuki Khyber Limited Edition 1989,Suzuki,Khyber,1989,150000,unknownLocation,Petrol,Lahore,Grey,1000,Imported,unknown,35000,0,0
Honda Civic Oriel 2022,Honda,Civic,2022,5,unknownLocation,Petrol,Un-Registered,Black,1500,local,automatic,605000,0,0
Honda Civic 1.8 i-VTEC CVT 2018,Honda,Civic,2018,100000,unknownLocation,Petrol,Karachi,White,1800,Imported,automatic,360000,0,0
Honda Civic Oriel 1.8 i-VTEC CVT 2018,Honda,Civic,2018,33000,unknownLocation,Petrol,Lahore,Black,1800,local,automatic,387500,0,0
Honda Civic VTi 1.8 i-VTEC 2010,Honda,Civic,2010,200000,unknownLocation,Petrol,Lahore,Silver,1800,local,unknown,170000,0,0
Toyota Corolla GLi 1.3 2006,Toyota,Corolla,2006,123000,unknownLocation,Petrol,Karachi,Blue,1300,local,unknown,135000,0,0
Suzuki Alto VXR 2022,Suzuki,Alto,2022,25,unknownLocation,Petrol,Un-Registered,Silver,660,local,unknown,180000,1,0
Honda Civic Oriel 2022,Honda,Civic,2022,10,unknownLocation,Petrol,Un-Registered,White,1500,local,automatic,605000,0,0
Suzuki Cultus VXL 2021,Suzuki,Cultus,2021,11000,Baghdad Station Near Baqri Pump Hasil Pur Road Bahwalpur,Petrol,Punjab,White,1000,local,unknown,262500,0,1
Daihatsu Hijet Cruise 2012,Daihatsu,Hijet,2012,170000,unknownLocation,Petrol,Karachi,White,660,Imported,automatic,120000,0,0
Toyota Corolla XLi VVTi Limited Edition 2011,Toyota,Corolla,2011,220000,unknownLocation,Petrol,Islamabad,White,1300,local,unknown,195000,0,0
Toyota Hilux Revo V Automatic 2.8 2020,Toyota,Hilux,2020,21000,"34-A, Jail Road Lahore",CompressedNaturalGas,Lahore,Black,2800,local,automatic,825000,0,0
Honda Civic VTi Oriel Prosmatec 1.8 i-VTEC 2013,Honda,Civic,2013,20,unknownLocation,Petrol,Lahore,White,1800,local,automatic,250000,0,0
Toyota Corolla Altis Automatic 1.6 2021,Toyota,Corolla,2021,5000,unknownLocation,Petrol,Un-Registered,White,1600,local,automatic,387500,0,0
Honda Civic Standard 2022,Honda,Civic,2022,1,unknownLocation,Petrol,Un-Registered,White,1500,local,automatic,565000,0,0
Suzuki Every 2012,Suzuki,Every,2012,99000,unknownLocation,Petrol,Lahore,White,1000,Imported,automatic,129000,0,0
Toyota Rush G A/T 2019,Toyota,Rush,2019,61000,unknownLocation,Petrol,Sindh,Black,1500,Imported,automatic,570000,0,0
KIA Sportage AWD 2021,KIA,Sportage,2021,7500,"New M.A jinnah road, karachi, sindh, pakistan",Petrol,Un-Registered,White,2000,local,automatic,565000,0,0
Honda Civic Oriel Prosmatec UG 2015,Honda,Civic,2015,160000,unknownLocation,Petrol,Islamabad,White,1800,local,automatic,297500,0,0
Honda Civic VTi 1.8 i-VTEC 2014,Honda,Civic,2014,200000,unknownLocation,Petrol,Islamabad,White,1800,local,unknown,245000,0,0
Honda Civic VTi Oriel 1.6 2004,Honda,Civic,2004,285000,unknownLocation,Petrol,Sialkot,Grey,1600,local,unknown,137500,0,0
Toyota Prado TZ 3.0D 1991,Toyota,Prado,1991,326000,unknownLocation,CompressedNaturalGas,Sindh,Red,2400,Imported,unknown,210000,0,0
Daihatsu Cuore CX Ecomatic 2007,Daihatsu,Cuore,2007,112000,Husaini chowk Ranger market hasil pur road,Petrol,Lahore,White,800,local,automatic,75000,0,0
Toyota Corolla GLi 1.3 VVTi 2012,Toyota,Corolla,2012,156000,unknownLocation,Petrol,Islamabad,Grey,1300,local,unknown,219500,0,0
Toyota Vitz F 1.0 2009,Toyota,Vitz,2009,58000,unknownLocation,Petrol,Sindh,Black,1000,Imported,automatic,149500,0,0
Suzuki Mehran VXR (CNG) 2010,Suzuki,Mehran,2010,120000,unknownLocation,Petrol,Islamabad,Silver,800,local,unknown,67000,1,0
Honda Vezel Hybrid Z Honda Sensing  2016,Honda,Vezel,2016,39780,unknownLocation,CompressedNaturalGas,Un-Registered,Silver,1500,Imported,automatic,507500,0,0
Suzuki Bolan VX Euro II 2021,Suzuki,Bolan,2021,7000,unknownLocation,Petrol,Islamabad,White,800,local,unknown,128000,0,0
Toyota Hilux Revo V Automatic 3.0  2017,Toyota,Hilux,2017,60000,"34-A, Jail Road Lahore",CompressedNaturalGas,Islamabad,Black,3000,local,automatic,720000,0,0
Toyota Hilux Revo V Automatic 2.8 2020,Toyota,Hilux,2020,18800,"Shara e Quaideen Road,Karachi",CompressedNaturalGas,Karachi,White,2800,local,automatic,1174800,0,0
Suzuki Cultus Auto Gear Shift 2020,Suzuki,Cultus,2020,28000,unknownLocation,Petrol,Karachi,White,1000,local,automatic,249500,0,0
Honda Vezel Hybrid Z 2016,Honda,Vezel,2016,83000,37-A Main Boulevard Shok Chowk Johar Town Lahore.,CompressedNaturalGas,Un-Registered,Navy,1500,Imported,automatic,450000,0,0
Toyota Land Cruiser ZX 2017,Toyota,Land,2017,39000,23-A Moulana Shoukat Ali Road Johar Town Lahore.,Petrol,Un-Registered,Pearl Black,4600,Imported,automatic,35100000,0,0
Toyota Raize 2021,Toyota,Raize,2021,1700,189-B PakArab Society Ferozpur Road15-A Moulana Shoukat Ali Road,Petrol,Un-Registered,Red,1000,Imported,automatic,439500,0,0
Honda Civic VTi 1.8 i-VTEC 2015,Honda,Civic,2015,88000,unknownLocation,Petrol,Lahore,White,1800,local,unknown,246500,0,0
Honda Civic Oriel 1.8 i-VTEC CVT 2018,Honda,Civic,2018,52000,unknownLocation,Petrol,Punjab,White,1800,local,automatic,385000,0,0
Honda Civic RS 2022,Honda,Civic,2022,5,unknownLocation,Petrol,Un-Registered,Grey,1500,local,automatic,735000,0,0
Mitsubishi Lancer GL 2005,Mitsubishi,Lancer,2005,220000,unknownLocation,Petrol,Islamabad,Silver,1300,local,unknown,115000,0,0
Toyota Corolla SE Saloon 1982,Toyota,Corolla,1982,224000,unknownLocation,Petrol,Islamabad,Magneta,1300,Imported,unknown,80000,0,0
Toyota Corolla XLi VVTi 2010,Toyota,Corolla,2010,130000,unknownLocation,Petrol,Sindh,Black,1300,local,unknown,154000,0,0
Toyota Corona 1994,Toyota,Corona,1994,1,unknownLocation,Petrol,Karachi,Grey,1600,local,unknown,140000,0,0
Changan Alsvin 1.5L DCT Lumiere 2022,Changan,Alsvin,2022,5,unknownLocation,Petrol,Un-Registered,White,1500,local,automatic,308000,0,0
Honda Civic VTi Oriel Automatic 1.6 2000,Honda,Civic,2000,257000,unknownLocation,Petrol,Islamabad,Grey,1600,local,automatic,114500,0,0
Toyota Aqua G 2013,Toyota,Aqua,2013,110846,unknownLocation,CompressedNaturalGas,Karachi,White,1500,Imported,automatic,255000,0,0
Suzuki Mehran VXR (CNG) 2010,Suzuki,Mehran,2010,20000,unknownLocation,Petrol,Lahore,Grey,800,local,unknown,65000,1,0
Suzuki Cultus Limited Edition 2016,Suzuki,Cultus,2016,66000,unknownLocation,Petrol,Lahore,White,1000,local,unknown,128000,0,0
Toyota Prado TX 4.0 2013,Toyota,Prado,2013,70000,unknownLocation,Petrol,Islamabad,White,4000,Imported,automatic,15900000,0,0
MG HS 1.5 Turbo 2021,MG,HS,2021,5000,unknownLocation,Petrol,Lahore,Black,1500,Imported,automatic,640000,0,0
Suzuki Cultus VXR 2005,Suzuki,Cultus,2005,496000,unknownLocation,Petrol,Faisalabad,Silver,1000,local,unknown,55000,1,0
Honda Civic Oriel 2022,Honda,Civic,2022,5,unknownLocation,Petrol,Un-Registered,Silver,1500,local,automatic,605000,0,0
Suzuki Alto L 2018,Suzuki,Alto,2018,77308,189-B PakArab Society Ferozpur Road15-A Moulana Shoukat Ali Road,Petrol,Un-Registered,Blue,660,Imported,automatic,229500,0,0
Toyota Vitz F Limited 1.0 2019,Toyota,Vitz,2019,60085,189-B PakArab Society Ferozpur Road15-A Moulana Shoukat Ali Road,Petrol,Un-Registered,Gold,1000,Imported,automatic,307500,0,0
Suzuki Cultus Limited Edition 2016,Suzuki,Cultus,2016,65000,unknownLocation,Petrol,Sindh,White,1000,local,unknown,128000,0,0
Toyota Fortuner 2.8 Sigma 4 2019,Toyota,Fortuner,2019,750000,unknownLocation,CompressedNaturalGas,Islamabad,White,2800,local,automatic,968500,0,0
Proton Saga 1.3L Standard M/T 2021,Proton,Saga,2021,4000,unknownLocation,Petrol,Islamabad,White,1300,Imported,unknown,235000,0,0
Suzuki Every Join Turbo 2016,Suzuki,Every,2016,187158,189-B PakArab Society Ferozpur Road15-A Moulana Shoukat Ali Road,Petrol,Un-Registered,White,660,Imported,automatic,192500,0,0
Toyota Corolla SE Saloon Automatic 2004,Toyota,Corolla,2004,260000,unknownLocation,Petrol,Lahore,Metallic Green,1600,local,automatic,185000,0,0
Toyota Corolla Altis Grande CVT-i 1.8 2016,Toyota,Corolla,2016,159000,unknownLocation,Petrol,Punjab,White,1800,local,automatic,310000,0,0
Honda City 1.5L CVT 2022,Honda,City,2022,1,unknownLocation,Petrol,Un-Registered,Grey,1500,local,automatic,352000,0,0
Honda Vezel 2014,Honda,Vezel,2014,76000,unknownLocation,Petrol,Islamabad,White,1500,Imported,automatic,370000,0,0
Honda Civic Oriel 1.8 i-VTEC CVT 2019,Honda,Civic,2019,31595,unknownLocation,Petrol,Islamabad,White,1800,local,automatic,370000,0,0
Nissan Note X 2016,Nissan,Note,2016,79000,37-A Main Boulevard Shok Chowk Johar Town Lahore.,CompressedNaturalGas,Punjab,Black,1200,Imported,automatic,315000,0,0
Suzuki Wagon R VXL 2022,Suzuki,Wagon,2022,10,unknownLocation,Petrol,Un-Registered,White,1000,local,unknown,219000,0,1
Toyota Corolla GLi 1.3 2002,Toyota,Corolla,2002,110000,unknownLocation,CompressedNaturalGas,Islamabad,Silver,1300,local,unknown,149000,0,0
Honda City 1.3 i-VTEC 2017,Honda,City,2017,72000,unknownLocation,Petrol,Islamabad,Black,1300,local,unknown,265000,0,0
Honda CR-Z Sports Hybrid Alpha 2021,Honda,CR-Z,2021,67000,Main Boulevard DHA Lahore,Petrol,Lahore,Yellow,1500,Imported,automatic,242500,0,0
Mercedes Benz E Class E200 2006,Mercedes,Benz,2006,95000,827-C Faisal Town Molana Shaukat Ali Road,Petrol,Lahore,Black,1800,Imported,automatic,360000,0,0
Honda City 1.3 i-VTEC Prosmatec 2019,Honda,City,2019,47000,G/11 Markaz Near Punjab Bank Islamabad,Petrol,Islamabad,White,1300,local,automatic,279500,0,0
Honda Civic Oriel 1.8 i-VTEC CVT 2016,Honda,Civic,2016,69500,unknownLocation,Petrol,Lahore,White,1800,local,automatic,325000,0,0
Toyota Passo G 1.0 2006,Toyota,Passo,2006,98000,unknownLocation,Petrol,Karachi,Silver,1000,Imported,automatic,122500,0,0
Suzuki Alto ECO-L 2013,Suzuki,Alto,2013,100000,unknownLocation,Petrol,Islamabad,Blue,660,Imported,automatic,147500,0,0
Honda City 1.5L CVT 2022,Honda,City,2022,1,unknownLocation,Petrol,Un-Registered,White,1500,local,automatic,345000,0,0
Honda Civic VTi Oriel Prosmatec 1.8 i-VTEC 2009,Honda,Civic,2009,130000,unknownLocation,Petrol,Karachi,Silver,1800,local,automatic,155000,0,0
Honda City VTEC Steermatic 2007,Honda,City,2007,111000,unknownLocation,Petrol,Sindh,Black,1500,local,automatic,133500,0,0
Toyota Hilux 2021,Toyota,Hilux,2021,2900,unknownLocation,CompressedNaturalGas,Un-Registered,White,2800,local,automatic,863000,0,0
Toyota Aqua G 2013,Toyota,Aqua,2013,110646,unknownLocation,CompressedNaturalGas,Karachi,White,1500,Imported,automatic,255000,0,0
Honda City 2011,Honda,City,2011,146000,unknownLocation,Petrol,Rawalpindi,Grey,1300,local,unknown,188000,0,0
Honda City Aspire Prosmatec 1.5 i-VTEC 2016,Honda,City,2016,90000,unknownLocation,Petrol,Lahore,White,1500,local,automatic,255000,0,0
Toyota Corolla GLi 1.3 VVTi 2015,Toyota,Corolla,2015,26000,unknownLocation,Petrol,Islamabad,Grey,1300,local,unknown,295000,0,0
Toyota Corolla XLi VVTi 2017,Toyota,Corolla,2017,30000,unknownLocation,Petrol,Islamabad,White,1300,local,unknown,295000,0,0
Toyota Vitz Jewela 1.0 2015,Toyota,Vitz,2015,67000,Karachi,Petrol,Sindh,Unlisted,1500,Imported,automatic,235000,0,0
Suzuki Cultus EURO II 2008,Suzuki,Cultus,2008,2586,unknownLocation,Petrol,Lahore,Maroon,1000,local,unknown,85000,0,0
Honda City Aspire Prosmatec 1.5 i-VTEC 2020,Honda,City,2020,28000,unknownLocation,Petrol,Lahore,White,1500,local,automatic,320000,0,0
Changan Karvaan Plus 2022,Changan,Karvaan,2022,5,unknownLocation,Petrol,Un-Registered,White,1000,local,unknown,212500,0,0
Suzuki Alto VXR (CNG) 2009,Suzuki,Alto,2009,100000,unknownLocation,Petrol,Karachi,Olive Green,1000,local,unknown,73000,1,0
Audi e-tron 50 Quattro 230 kW 2022,Audi,e-tron,2022,50,96 FeroazPur road Ichra Lahore,CompressedNaturalGas,Un-Registered,White,1439,local,automatic,18500000,0,0
Hyundai Tucson FWD A/T GLS Sport 2022,Hyundai,Tucson,2022,1,unknownLocation,Petrol,Un-Registered,White,2000,local,automatic,655000,0,0
Honda City Aspire 1.3 i-VTEC 2016,Honda,City,2016,90000,G/11 Markaz Near Punjab Bank Islamabad,Petrol,Islamabad,White,1300,local,unknown,229500,0,0
Changan Alsvin 1.5L DCT Lumiere 2022,Changan,Alsvin,2022,5,unknownLocation,Petrol,Un-Registered,Silver,1500,local,automatic,300000,0,0
Suzuki Mehran VX Euro II 2016,Suzuki,Mehran,2016,74000,unknownLocation,Petrol,Punjab,Grey,800,local,unknown,85000,0,0
Toyota Hilux D-4D Automatic 2006,Toyota,Hilux,2006,118000,827-C Faisal Town Molana Shaukat Ali Road,CompressedNaturalGas,Karachi,Black,3000,Imported,automatic,348000,0,0
Suzuki Wagon R VXL 2016,Suzuki,Wagon,2016,890000,unknownLocation,Petrol,Lahore,Silver,1000,local,unknown,155000,0,1
Suzuki Wagon R VXR 2015,Suzuki,Wagon,2015,129000,unknownLocation,Petrol,Islamabad,White,1000,local,unknown,152500,1,0
Suzuki Alto VXR (CNG) 2012,Suzuki,Alto,2012,55000,unknownLocation,Petrol,Lahore,Green,1000,local,unknown,118500,1,0
Toyota Surf SSR-G 3.4 2003,Toyota,Surf,2003,162000,6th road near Nawaz Sharif park,Petrol,Lahore,White,3400,Imported,automatic,695000,0,0
Honda Vezel 1.5 RS Hybrid 2017,Honda,Vezel,2017,77572,"Shop No 1, 2 Sawera Residency Ground floor Plot no 167 J Block 3 P.E.Cthis .H.S Society Main Khalid Bin Waleed Road Karachi, Karachi",PetrolElectric,Karachi,Black,1439,unknownAssembly,automatic,4350000,0,0
Honda Civic 1.8 i-VTEC Prosmatec 2013,Honda,Civic,2013,166814,"Ali Trade Centre, MM Alam Road, Block B1 Block B 1 Gulberg III, Lahore, Pakistan, Lahore",Petrol,Lahore,White,1439,unknownAssembly,automatic,2100000,0,0
Suzuki Alto 660cc VXR 2021,Suzuki,Alto,2021,19004,"Shop No 1, 2 Sawera Residency Ground floor Plot no 167 J Block 3 P.E.Cthis .H.S Society Main Khalid Bin Waleed Road Karachi, Karachi",Petrol,Karachi,Silver,660,unknownAssembly,manual,1740000,1,0
Suzuki Cultus 1.0 Limited Edition 2017,Suzuki,Cultus,2017,51921,"Shop No 1, 2 Sawera Residency Ground floor Plot no 167 J Block 3 P.E.Cthis .H.S Society Main Khalid Bin Waleed Road Karachi, Karachi",Petrol,Karachi,White,1439,unknownAssembly,manual,1330000,0,0
Daihatsu Mira 660cc L 2014,Daihatsu,Mira,2014,195628,"Shop No 1, 2 Sawera Residency Ground floor Plot no 167 J Block 3 P.E.Cthis .H.S Society Main Khalid Bin Waleed Road Karachi, Karachi",Petrol,Karachi,Red,660,unknownAssembly,automatic,1470000,0,0
Suzuki Cultus 1.0 VXR 2006,Suzuki,Cultus,2006,125000,"Shop No 1, 2 Sawera Residency Ground floor Plot no 167 J Block 3 P.E.Cthis .H.S Society Main Khalid Bin Waleed Road Karachi, Karachi",Petrol,Karachi,Blue,1439,unknownAssembly,manual,560000,1,0
Honda Civic 1.8 i-VTEC Oriel Prosmatec -Reborn 2012,Honda,Civic,2012,101628,"Shop No 1, 2 Sawera Residency Ground floor Plot no 167 J Block 3 P.E.Cthis .H.S Society Main Khalid Bin Waleed Road Karachi, Karachi",Petrol,Karachi,Black,1439,unknownAssembly,automatic,1980000,0,0
Toyota Corolla 1.8 Altis SR 2009,Toyota,Corolla,2009,136616,"Ali Trade Centre, MM Alam Road, Block B1 Block B 1 Gulberg III, Lahore, Pakistan, Lahore",Petrol,Lahore,Blue,1439,unknownAssembly,manual,1950000,0,0
Daihatsu Mira 660cc D 2013,Daihatsu,Mira,2013,38576,"Shop No 1, 2 Sawera Residency Ground floor Plot no 167 J Block 3 P.E.Cthis .H.S Society Main Khalid Bin Waleed Road Karachi, Karachi",Petrol,Karachi,Black,660,unknownAssembly,manual,1300000,0,0
Honda Insight 1.3 2010,Honda,Insight,2010,109543,"Shop No 1, 2 Sawera Residency Ground floor Plot no 167 J Block 3 P.E.Cthis .H.S Society Main Khalid Bin Waleed Road Karachi, Karachi",PetrolElectric,Karachi,Grey,1439,unknownAssembly,automatic,1720000,0,0
Toyota Corolla 1.6 GLI Super ECT 2013,Toyota,Corolla,2013,92018,"Shop No 1, 2 Sawera Residency Ground floor Plot no 167 J Block 3 P.E.Cthis .H.S Society Main Khalid Bin Waleed Road Karachi, Karachi",Petrol,Karachi,Black,1439,unknownAssembly,automatic,2100000,0,0
Suzuki Alto 660cc VXR 2021,Suzuki,Alto,2021,22602,"Shop No 1, 2 Sawera Residency Ground floor Plot no 167 J Block 3 P.E.Cthis .H.S Society Main Khalid Bin Waleed Road Karachi, Karachi",Petrol,Karachi,White,660,unknownAssembly,manual,1725000,1,0
Suzuki Swift 1.3 DX 2015,Suzuki,Swift,2015,113662,"Ali Trade Centre, MM Alam Road, Block B1 Block B 1 Gulberg III, Lahore, Pakistan, Lahore",Petrol,Multan,unknownColor,1439,unknownAssembly,manual,1380000,0,0
Suzuki Alto 660cc VXL AGS 2021,Suzuki,Alto,2021,5717,"Shop No 1, 2 Sawera Residency Ground floor Plot no 167 J Block 3 P.E.Cthis .H.S Society Main Khalid Bin Waleed Road Karachi, Karachi",Petrol,Karachi,Silver,660,unknownAssembly,automatic,2050000,0,1
Toyota Corolla 1.3 GLI Super ECT 2020,Toyota,Corolla,2020,23254,"Shop No 1, 2 Sawera Residency Ground floor Plot no 167 J Block 3 P.E.Cthis .H.S Society Main Khalid Bin Waleed Road Karachi, Karachi",Petrol,Karachi,White,1439,unknownAssembly,automatic,3260000,0,0
Suzuki Baleno 1.3 GL 2001,Suzuki,Baleno,2001,296270,"Shop No 1, 2 Sawera Residency Ground floor Plot no 167 J Block 3 P.E.Cthis .H.S Society Main Khalid Bin Waleed Road Karachi, Karachi",PetrolCompressedNaturalGas,Karachi,Gold,1439,unknownAssembly,manual,630000,0,0
Suzuki Swift 1.3 DX 2015,Suzuki,Swift,2015,119210,"Ali Trade Centre, MM Alam Road, Block B1 Block B 1 Gulberg III, Lahore, Pakistan, Lahore",CompressedNaturalGas,C,unknownColor,1439,unknownAssembly,manual,1520000,0,0
Toyota Vitz 1.0 F Spider 2015,Toyota,Vitz,2015,73215,"Shop No 1, 2 Sawera Residency Ground floor Plot no 167 J Block 3 P.E.Cthis .H.S Society Main Khalid Bin Waleed Road Karachi, Karachi",Petrol,Karachi,Grey,1439,unknownAssembly,automatic,2180000,0,0
Daihatsu Hijet 660cc Deluxe 2 Pwr 2013,Daihatsu,Hijet Cargo,2013,239764,"Shop No 1, 2 Sawera Residency Ground floor Plot no 167 J Block 3 P.E.Cthis .H.S Society Main Khalid Bin Waleed Road Karachi, Karachi",Petrol,Karachi,White,660,unknownAssembly,manual,1270000,0,0
Toyota Corolla 1.3 GLI Super ECT 2017,Toyota,Corolla,2017,98352,"Ali Trade Centre, MM Alam Road, Block B1 Block B 1 Gulberg III, Lahore, Pakistan, Lahore",Petrol,Islamabad,Silver,1439,unknownAssembly,automatic,2900000,0,0
Daihatsu Cuore 850cc CX Eco 2010,Daihatsu,Cuore,2010,85129,"Shop No 1, 2 Sawera Residency Ground floor Plot no 167 J Block 3 P.E.Cthis .H.S Society Main Khalid Bin Waleed Road Karachi, Karachi",PetrolCompressedNaturalGas,Karachi,Beige,850,unknownAssembly,manual,760000,0,0
Mitsubishi MiniCab 660cc 2 pwr 2011,Mitsubishi,MiniCab,2011,101636,"Shop No 1, 2 Sawera Residency Ground floor Plot no 167 J Block 3 P.E.Cthis .H.S Society Main Khalid Bin Waleed Road Karachi, Karachi",Petrol,Karachi,White,660,unknownAssembly,automatic,980000,0,0
FAW Carrier 1.0.0 2017,FAW,Carrier,2017,1541112,"Shop No 1, 2 Sawera Residency Ground floor Plot no 167 J Block 3 P.E.Cthis .H.S Society Main Khalid Bin Waleed Road Karachi, Karachi",Petrol,Karachi,White,1439,unknownAssembly,manual,525000,0,0
Honda Civic 1.8 i-VTEC 2015,Honda,Civic,2015,12344,"Shop No 1, 2 Sawera Residency Ground floor Plot no 167 J Block 3 P.E.Cthis .H.S Society Main Khalid Bin Waleed Road Karachi, Karachi",Petrol,Karachi,Grey,1439,unknownAssembly,manual,2300000,0,0
Suzuki Cultus 1.0 VXRi 2010,Suzuki,Cultus,2010,65101,"Ali Trade Centre, MM Alam Road, Block B1 Block B 1 Gulberg III, Lahore, Pakistan, Lahore",PetrolCompressedNaturalGas,Lahore,Grey,1439,unknownAssembly,manual,960000,1,0
Toyota Corolla 1.3 GLI New Key Super ECT 2016,Toyota,Corolla,2016,85458,"Shop No 1, 2 Sawera Residency Ground floor Plot no 167 J Block 3 P.E.Cthis .H.S Society Main Khalid Bin Waleed Road Karachi, Karachi",Petrol,Karachi,White,1439,unknownAssembly,automatic,2580000,0,0
Nissan Juke 1.5 Red Interior 2011,Nissan,Juke,2011,95515,"Shop No 1, 2 Sawera Residency Ground floor Plot no 167 J Block 3 P.E.Cthis .H.S Society Main Khalid Bin Waleed Road Karachi, Karachi",Petrol,Karachi,Red,1439,unknownAssembly,automatic,2180000,0,0
Suzuki Alto 660cc VXR 2021,Suzuki,Alto,2021,33760,"Shop No 1, 2 Sawera Residency Ground floor Plot no 167 J Block 3 P.E.Cthis .H.S Society Main Khalid Bin Waleed Road Karachi, Karachi",Petrol,Karachi,Silver,660,unknownAssembly,manual,1610000,1,0
Suzuki Cultus 1.0 VXR Euro II 2013,Suzuki,Cultus,2015,1180000,"Shop No 1, 2 Sawera Residency Ground floor Plot no 167 J Block 3 P.E.Cthis .H.S Society Main Khalid Bin Waleed Road Karachi, Karachi",PetrolCompressedNaturalGas,Karachi,White,1439,unknownAssembly,manual,1180000,1,0
Suzuki Cultus 1.0 Limited Edition 2016,Suzuki,Cultus,2016,22255,"Shop No 1, 2 Sawera Residency Ground floor Plot no 167 J Block 3 P.E.Cthis .H.S Society Main Khalid Bin Waleed Road Karachi, Karachi",Petrol,Karachi,Grey,1439,unknownAssembly,manual,1330000,0,0
Suzuki Swift 1.3 DX 2015,Suzuki,Swift,2015,162018,"Ali Trade Centre, MM Alam Road, Block B1 Block B 1 Gulberg III, Lahore, Pakistan, Lahore",Petrol,Multan,White,1439,unknownAssembly,manual,1400000,0,0
Suzuki Cultus 1.0 VXL 2018,Suzuki,Cultus,2018,46272,"Shop No 1, 2 Sawera Residency Ground floor Plot no 167 J Block 3 P.E.Cthis .H.S Society Main Khalid Bin Waleed Road Karachi, Karachi",Petrol,Karachi,Grey,1439,unknownAssembly,manual,1930000,0,1
Honda Civic 1.8 i-VTEC Oriel Prosmatec UG-Reborn 2012,Honda,Civic,2012,80012,"Shop No 1, 2 Sawera Residency Ground floor Plot no 167 J Block 3 P.E.Cthis .H.S Society Main Khalid Bin Waleed Road Karachi, Karachi",Petrol,Karachi,White,1439,unknownAssembly,automatic,2000000,0,0
Suzuki Alto 660cc F 2014,Suzuki,Alto,2014,70407,"Shop No 1, 2 Sawera Residency Ground floor Plot no 167 J Block 3 P.E.Cthis .H.S Society Main Khalid Bin Waleed Road Karachi, Karachi",Petrol,Karachi,Brown,660,unknownAssembly,automatic,1480000,0,0
Suzuki Mehran 800cc VX 2004,Suzuki,Mehran,2004,96731,"94 Street 7, I-10/3 I 10/3 I-10, Islamabad, Pakistan, Islamabad",PetrolCompressedNaturalGas,Karachi,White,800,unknownAssembly,manual,250000,0,0
Suzuki Swift 1.3 DX 2015,Suzuki,Swift,2015,102052,"Ali Trade Centre, MM Alam Road, Block B1 Block B 1 Gulberg III, Lahore, Pakistan, Lahore",CompressedNaturalGas,C,unknownColor,1439,unknownAssembly,manual,1460000,0,0
Honda City 1.3 i-DSI 2005,Honda,City,2005,441116,"Ali Trade Centre, MM Alam Road, Block B1 Block B 1 Gulberg III, Lahore, Pakistan, Lahore",Petrol,Islamabad,Silver,1439,unknownAssembly,manual,1100000,0,0
Honda City 1.3 i-VTEC 2018,Honda,City,2018,87345,"Ali Trade Centre, MM Alam Road, Block B1 Block B 1 Gulberg III, Lahore, Pakistan, Lahore",Petrol,Lahore,White,1439,unknownAssembly,manual,2400000,0,0
Daihatsu Cuore 850cc CX Eco 2008,Daihatsu,Cuore,2008,118457,"Shop No 1, 2 Sawera Residency Ground floor Plot no 167 J Block 3 P.E.Cthis .H.S Society Main Khalid Bin Waleed Road Karachi, Karachi",PetrolCompressedNaturalGas,Karachi,Gold,850,unknownAssembly,manual,630000,0,0
Suzuki Alto 660cc VXR 2021,Suzuki,Alto,2021,13417,"Shop No 1, 2 Sawera Residency Ground floor Plot no 167 J Block 3 P.E.Cthis .H.S Society Main Khalid Bin Waleed Road Karachi, Karachi",Petrol,Karachi,White,660,unknownAssembly,manual,1750000,1,0
Suzuki Cultus 1.0 VXR Euro II 2015,Suzuki,Cultus,2015,94393,"Shop No 1, 2 Sawera Residency Ground floor Plot no 167 J Block 3 P.E.Cthis .H.S Society Main Khalid Bin Waleed Road Karachi, Karachi",Petrol,Karachi,White,1439,unknownAssembly,manual,1180000,1,0
Honda City 1.3 i-VTEC Prosmatec 2018,Honda,City,2018,101707,"Ali Trade Centre, MM Alam Road, Block B1 Block B 1 Gulberg III, Lahore, Pakistan, Lahore",Petrol,Lahore,Silver,1439,unknownAssembly,automatic,2650000,0,0
Suzuki Swift 1.3 DX 2015,Suzuki,Swift,2015,118747,"Ali Trade Centre, MM Alam Road, Block B1 Block B 1 Gulberg III, Lahore, Pakistan, Lahore",Petrol,Peshawar,White,1439,unknownAssembly,manual,1380000,0,0
Toyota Corolla 1.6 Altis Super ECT Old Key 2016,Toyota,Corolla,2016,84431,"Ali Trade Centre, MM Alam Road, Block B1 Block B 1 Gulberg III, Lahore, Pakistan, Lahore",Petrol,Lahore,Black,1439,unknownAssembly,automatic,2850000,0,0
Honda Fit 1.5 Hybrid 2014,Honda,Fit,2014,75443,"Ali Trade Centre, MM Alam Road, Block B1 Block B 1 Gulberg III, Lahore, Pakistan, Lahore",PetrolElectric,Islamabad,White,1439,unknownAssembly,automatic,2450000,0,0
Toyota Corolla 1.3 GLI 2012,Toyota,Corolla,2012,108463,"Ali Trade Centre, MM Alam Road, Block B1 Block B 1 Gulberg III, Lahore, Pakistan, Lahore",Petrol,Islamabad,Black,1439,unknownAssembly,manual,1900000,0,0
Toyota Corolla 1.3 XLI - Old Shape 2014,Toyota,Corolla,2014,136821,"Ali Trade Centre, MM Alam Road, Block B1 Block B 1 Gulberg III, Lahore, Pakistan, Lahore",Petrol,Islamabad,White,1439,unknownAssembly,manual,2000000,0,0
Toyota Hilux 3.0D Vigo Champ G 2012,Toyota,Hilux,2012,86200,"Shop No 1, 2 Sawera Residency Ground floor Plot no 167 J Block 3 P.E.Cthis .H.S Society Main Khalid Bin Waleed Road Karachi, Karachi",Diesel,Karachi,White,1439,unknownAssembly,automatic,5200000,0,0
Honda Vezel 1.5 Hybrid Z 2015,Honda,Vezel,2015,71402,"Shop No 1, 2 Sawera Residency Ground floor Plot no 167 J Block 3 P.E.Cthis .H.S Society Main Khalid Bin Waleed Road Karachi, Karachi",PetrolElectric,Karachi,Red,1439,unknownAssembly,automatic,3200000,0,0
Honda Civic 1.8 i-VTEC Oriel CVT UG 2017,Honda,Civic,2017,85518,"Ali Trade Centre, MM Alam Road, Block B1 Block B 1 Gulberg III, Lahore, Pakistan, Lahore",Petrol,Lahore,White,1439,unknownAssembly,automatic,3480000,0,0
Honda Civic 1.8 i-VTEC 2013,Honda,Civic,2013,206484,"Ali Trade Centre, MM Alam Road, Block B1 Block B 1 Gulberg III, Lahore, Pakistan, Lahore",Petrol,Lahore,White,1439,unknownAssembly,manual,2120000,0,0
Suzuki Alto 660cc VXR 2021,Suzuki,Alto,2021,18699,"Shop No 1, 2 Sawera Residency Ground floor Plot no 167 J Block 3 P.E.Cthis .H.S Society Main Khalid Bin Waleed Road Karachi, Karachi",Petrol,Karachi,White,660,unknownAssembly,manual,1750000,1,0
Nissan Dayz 660cc Highway Star X 2014,Nissan,Dayz,2014,100221,"Shop No 1, 2 Sawera Residency Ground floor Plot no 167 J Block 3 P.E.Cthis .H.S Society Main Khalid Bin Waleed Road Karachi, Karachi",Petrol,Karachi,Black,660,unknownAssembly,automatic,1680000,0,0
Toyota Land Cruiser 2.7 Prado TXL 2004,Toyota,Land Cruiser,2004,129751,"Shop No 1, 2 Sawera Residency Ground floor Plot no 167 J Block 3 P.E.Cthis .H.S Society Main Khalid Bin Waleed Road Karachi, Karachi",Petrol,Karachi,Black,1439,unknownAssembly,automatic,5600000,0,0
Honda Civic 1.8 i-VTEC Prosmatec 2008,Honda,Civic,2008,101438,"Shop No 1, 2 Sawera Residency Ground floor Plot no 167 J Block 3 P.E.Cthis .H.S Society Main Khalid Bin Waleed Road Karachi, Karachi",Petrol,Karachi,Black,1439,unknownAssembly,automatic,1350000,0,0
Honda Civic 1.8 i-VTEC 2010,Honda,Civic,2010,104431,"Shop No 1, 2 Sawera Residency Ground floor Plot no 167 J Block 3 P.E.Cthis .H.S Society Main Khalid Bin Waleed Road Karachi, Karachi",CompressedNaturalGas,C,unknownColor,1439,unknownAssembly,manual,1520000,0,0
Honda Vezel 1.5 Hybrid X 2014,Honda,Vezel,2014,71263,"Ali Trade Centre, MM Alam Road, Block B1 Block B 1 Gulberg III, Lahore, Pakistan, Lahore",PetrolElectric,Islamabad,White,1439,unknownAssembly,automatic,3150000,0,0
Suzuki Alto 1.0 VXR 2011,Suzuki,Alto,2011,144948,"Shop No 1, 2 Sawera Residency Ground floor Plot no 167 J Block 3 P.E.Cthis .H.S Society Main Khalid Bin Waleed Road Karachi, Karachi",PetrolCompressedNaturalGas,Karachi,White,1439,unknownAssembly,manual,860000,1,0
Suzuki Alto 660cc VXR 2021,Suzuki,Alto,2021,20727,"Shop No 1, 2 Sawera Residency Ground floor Plot no 167 J Block 3 P.E.Cthis .H.S Society Main Khalid Bin Waleed Road Karachi, Karachi",Petrol,Karachi,White,660,unknownAssembly,manual,1750000,1,0
Suzuki Cultus 1.0 VXR Euro II 2014,Suzuki,Cultus,2014,3901,"Shop No 1, 2 Sawera Residency Ground floor Plot no 167 J Block 3 P.E.Cthis .H.S Society Main Khalid Bin Waleed Road Karachi, Karachi",Petrol,Karachi,White,1439,unknownAssembly,manual,1180000,1,0
Suzuki Bolan 800cc VX 2014,Suzuki,Bolan,2014,129292,"Ali Trade Centre, MM Alam Road, Block B1 Block B 1 Gulberg III, Lahore, Pakistan, Lahore",Petrol,Lahore,White,800,unknownAssembly,manual,650000,0,0
Toyota Corolla 1.3 XLI - Old Shape 2014,Toyota,Corolla,2014,122707,"Shop No 1, 2 Sawera Residency Ground floor Plot no 167 J Block 3 P.E.Cthis .H.S Society Main Khalid Bin Waleed Road Karachi, Karachi",Petrol,Karachi,White,1439,unknownAssembly,manual,1800000,0,0
Suzuki Wagon R 1.0 VXL 2018,Suzuki,Wagon R,2018,136067,"Ali Trade Centre, MM Alam Road, Block B1 Block B 1 Gulberg III, Lahore, Pakistan, Lahore",Petrol,Lahore,Grey,1439,unknownAssembly,manual,1480000,0,1
KIA Sportage 2.0 AWD 2020,KIA,Sportage,2020,25607,"Shop No 1, 2 Sawera Residency Ground floor Plot no 167 J Block 3 P.E.Cthis .H.S Society Main Khalid Bin Waleed Road Karachi, Karachi",Petrol,Karachi,White,1439,unknownAssembly,automatic,5700000,0,0
Suzuki Swift 1.3 DX 2014,Suzuki,Swift,2014,87382,"Ali Trade Centre, MM Alam Road, Block B1 Block B 1 Gulberg III, Lahore, Pakistan, Lahore",Petrol,Peshawar,White,1439,unknownAssembly,manual,1350000,0,0
Suzuki Cultus 1.0 VXL 2018,Suzuki,Cultus,2018,108890,"Shop No 1, 2 Sawera Residency Ground floor Plot no 167 J Block 3 P.E.Cthis .H.S Society Main Khalid Bin Waleed Road Karachi, Karachi",Petrol,Karachi,White,1439,unknownAssembly,manual,1850000,0,1
Daihatsu Hijet 660cc 2 PWR 2016,Daihatsu,Hijet,2016,70867,"Shop No 1, 2 Sawera Residency Ground floor Plot no 167 J Block 3 P.E.Cthis .H.S Society Main Khalid Bin Waleed Road Karachi, Karachi",Petrol,Karachi,White,660,unknownAssembly,automatic,1550000,0,0
Suzuki Cultus 1.0 Limited Edition 2016,Suzuki,Cultus,2016,92212,"Shop No 1, 2 Sawera Residency Ground floor Plot no 167 J Block 3 P.E.Cthis .H.S Society Main Khalid Bin Waleed Road Karachi, Karachi",Petrol,Karachi,Beige,1439,unknownAssembly,manual,1300000,0,0
Suzuki Cultus 1.0 VXR Euro II 2015,Suzuki,Cultus,2015,87211,"Shop No 1, 2 Sawera Residency Ground floor Plot no 167 J Block 3 P.E.Cthis .H.S Society Main Khalid Bin Waleed Road Karachi, Karachi",Petrol,Karachi,White,1439,unknownAssembly,manual,1250000,1,0
Suzuki Swift 1.3 DX 2011,Suzuki,Swift,2011,190056,"Shop No 1, 2 Sawera Residency Ground floor Plot no 167 J Block 3 P.E.Cthis .H.S Society Main Khalid Bin Waleed Road Karachi, Karachi",Petrol,Karachi,Grey,1439,unknownAssembly,manual,1100000,0,0
Suzuki Cultus 1.0 VXR Euro II 2015,Suzuki,Cultus,2015,78474,"Shop No 1, 2 Sawera Residency Ground floor Plot no 167 J Block 3 P.E.Cthis .H.S Society Main Khalid Bin Waleed Road Karachi, Karachi",Petrol,Karachi,Pink,1439,unknownAssembly,manual,1170000,1,0
Suzuki Alto 660cc VXR 2021,Suzuki,Alto,2021,21592,"Shop No 1, 2 Sawera Residency Ground floor Plot no 167 J Block 3 P.E.Cthis .H.S Society Main Khalid Bin Waleed Road Karachi, Karachi",Petrol,Karachi,White,660,unknownAssembly,manual,1725000,1,0
Suzuki Cultus 1.0 Limited Edition 2016,Suzuki,Cultus,2016,77590,"Shop No 1, 2 Sawera Residency Ground floor Plot no 167 J Block 3 P.E.Cthis .H.S Society Main Khalid Bin Waleed Road Karachi, Karachi",Petrol,Karachi,Grey,1439,unknownAssembly,manual,1380000,0,0
Suzuki Swift 1.3 DX 2015,Suzuki,Swift,2015,183208,"Ali Trade Centre, MM Alam Road, Block B1 Block B 1 Gulberg III, Lahore, Pakistan, Lahore",Petrol,Peshawar,White,1439,unknownAssembly,manual,1450000,0,0
Suzuki Alto 660cc VXR 2021,Suzuki,Alto,2021,5506,"Shop No 1, 2 Sawera Residency Ground floor Plot no 167 J Block 3 P.E.Cthis .H.S Society Main Khalid Bin Waleed Road Karachi, Karachi",Petrol,Karachi,White,660,unknownAssembly,manual,1780000,1,0
Suzuki Cultus 1.0 Limited Edition 2016,Suzuki,Cultus,2016,26631,"Shop No 1, 2 Sawera Residency Ground floor Plot no 167 J Block 3 P.E.Cthis .H.S Society Main Khalid Bin Waleed Road Karachi, Karachi",Petrol,Karachi,Grey,1439,unknownAssembly,manual,1280000,0,0
Toyota Corolla 1.3 GLI -Super ECT 2015,Toyota,Corolla,2015,73315,"Shop No 1, 2 Sawera Residency Ground floor Plot no 167 J Block 3 P.E.Cthis .H.S Society Main Khalid Bin Waleed Road Karachi, Karachi",Petrol,Karachi,Black,1439,unknownAssembly,automatic,2470000,0,0
Suzuki Cultus 1.0 VXR Euro II 2015,Suzuki,Cultus,2015,8438,"Shop No 1, 2 Sawera Residency Ground floor Plot no 167 J Block 3 P.E.Cthis .H.S Society Main Khalid Bin Waleed Road Karachi, Karachi",Petrol,Karachi,White,1439,unknownAssembly,manual,1280000,1,0
Daihatsu Mira 660cc LSA 2019,Daihatsu,Mira,2019,23362,"Shop No 1, 2 Sawera Residency Ground floor Plot no 167 J Block 3 P.E.Cthis .H.S Society Main Khalid Bin Waleed Road Karachi, Karachi",Petrol,Karachi,Silver,660,unknownAssembly,automatic,2350000,0,0
Suzuki Cultus 1.0 VXRi 2007,Suzuki,Cultus,2007,78830,"Shop No 1, 2 Sawera Residency Ground floor Plot no 167 J Block 3 P.E.Cthis .H.S Society Main Khalid Bin Waleed Road Karachi, Karachi",PetrolCompressedNaturalGas,Karachi,White,1439,unknownAssembly,manual,630000,1,0
Daihatsu Cuore 850cc CX 2008,Daihatsu,Cuore,2008,77320,"Shop No 1, 2 Sawera Residency Ground floor Plot no 167 J Block 3 P.E.Cthis .H.S Society Main Khalid Bin Waleed Road Karachi, Karachi",PetrolCompressedNaturalGas,Karachi,White,850,unknownAssembly,manual,650000,0,0
Toyota Corolla 1.3 GLI 2013,Toyota,Corolla,2013,150147,"Shop No 1, 2 Sawera Residency Ground floor Plot no 167 J Block 3 P.E.Cthis .H.S Society Main Khalid Bin Waleed Road Karachi, Karachi",Petrol,Karachi,Purple,1439,unknownAssembly,manual,1750000,0,0
Suzuki Cultus 1.0 VXLi 2008,Suzuki,Cultus,2008,52898,"Shop No 1, 2 Sawera Residency Ground floor Plot no 167 J Block 3 P.E.Cthis .H.S Society Main Khalid Bin Waleed Road Karachi, Karachi",PetrolCompressedNaturalGas,Karachi,Blue,1439,unknownAssembly,manual,820000,0,1
Suzuki Alto 660cc VXR 2020,Suzuki,Alto,2020,27572,"Shop No 1, 2 Sawera Residency Ground floor Plot no 167 J Block 3 P.E.Cthis .H.S Society Main Khalid Bin Waleed Road Karachi, Karachi",Petrol,Karachi,Silver,660,unknownAssembly,manual,1650000,1,0
Honda City 1.3 i-VTEC 2017,Honda,City,2017,130862,"Shop No 1, 2 Sawera Residency Ground floor Plot no 167 J Block 3 P.E.Cthis .H.S Society Main Khalid Bin Waleed Road Karachi, Karachi",Petrol,Karachi,Grey,1439,unknownAssembly,manual,2200000,0,0
Mitsubishi EK Wagon 660cc 2008,Mitsubishi,EK Wagon,2008,111452,"Shop No 1, 2 Sawera Residency Ground floor Plot no 167 J Block 3 P.E.Cthis .H.S Society Main Khalid Bin Waleed Road Karachi, Karachi",Petrol,Karachi,Black,660,unknownAssembly,automatic,1230000,0,0
Toyota Vitz 1.0 B 2006,Toyota,Vitz,2006,166638,"Shop No 1, 2 Sawera Residency Ground floor Plot no 167 J Block 3 P.E.Cthis .H.S Society Main Khalid Bin Waleed Road Karachi, Karachi",Petrol,Karachi,White,1439,unknownAssembly,automatic,1400000,0,0
Suzuki Cultus 1.0 VXLi 2008,Suzuki,Cultus,2008,29737,"Shop No 1, 2 Sawera Residency Ground floor Plot no 167 J Block 3 P.E.Cthis .H.S Society Main Khalid Bin Waleed Road Karachi, Karachi",PetrolCompressedNaturalGas,Karachi,Blue,1439,unknownAssembly,manual,860000,0,1
Nissan Clipper 660 2013,Nissan,Clipper,2013,125482,"Shop No 1, 2 Sawera Residency Ground floor Plot no 167 J Block 3 P.E.Cthis .H.S Society Main Khalid Bin Waleed Road Karachi, Karachi",Petrol,Karachi,Grey,660,unknownAssembly,manual,1100000,0,0
Suzuki Alto 660cc VXR 2021,Suzuki,Alto,2021,22859,"Shop No 1, 2 Sawera Residency Ground floor Plot no 167 J Block 3 P.E.Cthis .H.S Society Main Khalid Bin Waleed Road Karachi, Karachi",Petrol,Karachi,White,660,unknownAssembly,manual,1750000,1,0
Honda Civic 1.8 i-VTEC - Reborn 2012,Honda,Civic,2012,242476,"Shop No 1, 2 Sawera Residency Ground floor Plot no 167 J Block 3 P.E.Cthis .H.S Society Main Khalid Bin Waleed Road Karachi, Karachi",Petrol,Karachi,Black,1439,unknownAssembly,manual,1600000,0,0
Suzuki Mehran 800cc VXR Euro II 2017,Suzuki,Mehran,2017,27512,"Shop No 1, 2 Sawera Residency Ground floor Plot no 167 J Block 3 P.E.Cthis .H.S Society Main Khalid Bin Waleed Road Karachi, Karachi",Petrol,Karachi,White,800,unknownAssembly,manual,830000,1,0
Nissan Clipper 660cc NV-100 2012,Nissan,Clipper,2012,150626,"Ali Trade Centre, MM Alam Road, Block B1 Block B 1 Gulberg III, Lahore, Pakistan, Lahore",Petrol,Islamabad,White,660,unknownAssembly,automatic,1100000,0,0
Mazda Scrum 660cc 4-pwr Turbo 2013,Mazda,Scrum,2013,190066,"Shop No 1, 2 Sawera Residency Ground floor Plot no 167 J Block 3 P.E.Cthis .H.S Society Main Khalid Bin Waleed Road Karachi, Karachi",Petrol,Karachi,Black,660,unknownAssembly,automatic,1530000,0,0
Honda City 1.5 i-VTEC Aspire 2015,Honda,City,2015,202039,"Ali Trade Centre, MM Alam Road, Block B1 Block B 1 Gulberg III, Lahore, Pakistan, Lahore",Petrol,Lahore,White,1439,unknownAssembly,manual,2150000,0,0
Suzuki Mehran 800cc VX 2009,Suzuki,Mehran,2009,21974,"Shop No 1, 2 Sawera Residency Ground floor Plot no 167 J Block 3 P.E.Cthis .H.S Society Main Khalid Bin Waleed Road Karachi, Karachi",Petrol,Karachi,White,800,unknownAssembly,manual,490000,0,0
Toyota Corolla 1.3 XLI - Old Shape 2014,Toyota,Corolla,2014,156436,"Ali Trade Centre, MM Alam Road, Block B1 Block B 1 Gulberg III, Lahore, Pakistan, Lahore",Petrol,Lahore,White,1439,unknownAssembly,manual,1930000,0,0
Honda Civic 1.8 i-VTEC Oriel Prosmatec UG 2014,Honda,Civic,2014,76416,"Shop No 1, 2 Sawera Residency Ground floor Plot no 167 J Block 3 P.E.Cthis .H.S Society Main Khalid Bin Waleed Road Karachi, Karachi",Petrol,Karachi,Black,1439,unknownAssembly,automatic,2610000,0,0
Toyota Corolla 1.3 XLI 2013,Toyota,Corolla,2013,127637,"Shop No 1, 2 Sawera Residency Ground floor Plot no 167 J Block 3 P.E.Cthis .H.S Society Main Khalid Bin Waleed Road Karachi, Karachi",Petrol,Karachi,Red,1439,unknownAssembly,manual,1780000,0,0
Suzuki Alto 660cc VXL AGS 2019,Suzuki,Alto,2019,19906,"Shop No 1, 2 Sawera Residency Ground floor Plot no 167 J Block 3 P.E.Cthis .H.S Society Main Khalid Bin Waleed Road Karachi, Karachi",Petrol,Karachi,Grey,660,unknownAssembly,automatic,1800000,0,1
Toyota Aqua 1.5 S Push Start 2015,Toyota,Aqua,2015,99629,"Shop No 1, 2 Sawera Residency Ground floor Plot no 167 J Block 3 P.E.Cthis .H.S Society Main Khalid Bin Waleed Road Karachi, Karachi",PetrolElectric,Karachi,Silver,1439,unknownAssembly,automatic,2750000,0,0
Suzuki Cultus 1.0 VXR Euro II 2015,Suzuki,Cultus,2015,59520,"Shop No 1, 2 Sawera Residency Ground floor Plot no 167 J Block 3 P.E.Cthis .H.S Society Main Khalid Bin Waleed Road Karachi, Karachi",Petrol,Karachi,Grey,1439,unknownAssembly,manual,1180000,1,0
Honda City 1.3 i-VTEC 2018,Honda,City,2018,67904,"Ali Trade Centre, MM Alam Road, Block B1 Block B 1 Gulberg III, Lahore, Pakistan, Lahore",Petrol,Lahore,White,1439,unknownAssembly,manual,2500000,0,0
Toyota Corolla 1.3 GLI 2012,Toyota,Corolla,2012,82753,"Shop No 1, 2 Sawera Residency Ground floor Plot no 167 J Block 3 P.E.Cthis .H.S Society Main Khalid Bin Waleed Road Karachi, Karachi",Petrol,Karachi,Red,1439,unknownAssembly,manual,1850000,0,0
Suzuki Swift 1.3 DX 2015,Suzuki,Swift,2015,105238,"Ali Trade Centre, MM Alam Road, Block B1 Block B 1 Gulberg III, Lahore, Pakistan, Lahore",Petrol,Peshawar,White,1439,unknownAssembly,manual,1520000,0,0
Suzuki Cultus 1.0 VXR 2007,Suzuki,Cultus,2007,76499,"Shop No 1, 2 Sawera Residency Ground floor Plot no 167 J Block 3 P.E.Cthis .H.S Society Main Khalid Bin Waleed Road Karachi, Karachi",PetrolCompressedNaturalGas,Karachi,Black,1439,unknownAssembly,manual,740000,1,0
Subaru Pleo 660cc L 2016,Subaru,Pleo,2016,81835,"Shop No 1, 2 Sawera Residency Ground floor Plot no 167 J Block 3 P.E.Cthis .H.S Society Main Khalid Bin Waleed Road Karachi, Karachi",Petrol,Karachi,Blue,660,unknownAssembly,automatic,1560000,0,0
Toyota Corolla 1.8 Altis Grande CVT-i Cruisetronic 2016,Toyota,Corolla,2016,136219,"Ali Trade Centre, MM Alam Road, Block B1 Block B 1 Gulberg III, Lahore, Pakistan, Lahore",Petrol,Lahore,White,1439,unknownAssembly,automatic,2870000,0,0
Suzuki Swift 1.2 XG 2013,Suzuki,Swift,2007,126925,"Shop No 1, 2 Sawera Residency Ground floor Plot no 167 J Block 3 P.E.Cthis .H.S Society Main Khalid Bin Waleed Road Karachi, Karachi",Petrol,Karachi,Black,1439,unknownAssembly,automatic,1450000,0,0
Honda Civic 1.6 VTi Oriel Prosmatec 2002,Honda,Civic,2002,141622,"Shop No 1, 2 Sawera Residency Ground floor Plot no 167 J Block 3 P.E.Cthis .H.S Society Main Khalid Bin Waleed Road Karachi, Karachi",Petrol,Karachi,Pink,1439,unknownAssembly,automatic,980000,0,0
Suzuki Alto 660cc VXR 2020,Suzuki,Alto,2020,48381,"Ali Trade Centre, MM Alam Road, Block B1 Block B 1 Gulberg III, Lahore, Pakistan, Lahore",Petrol,Karachi,White,660,unknownAssembly,manual,1630000,1,0
Toyota Corolla 1.3 XLI 2010,Toyota,Corolla,2011,75652,"Shop No 1, 2 Sawera Residency Ground floor Plot no 167 J Block 3 P.E.Cthis .H.S Society Main Khalid Bin Waleed Road Karachi, Karachi",Petrol,Karachi,White,1439,unknownAssembly,manual,1450000,0,0
Honda Civic 1.8 i-VTEC Oriel CVT UG 2018,Honda,Civic,2018,73595,"Ali Trade Centre, MM Alam Road, Block B1 Block B 1 Gulberg III, Lahore, Pakistan, Lahore",Petrol,Islamabad,White,1439,unknownAssembly,automatic,3650000,0,0
Suzuki Swift 1.3 DX 2014,Suzuki,Swift,2014,119701,"Ali Trade Centre, MM Alam Road, Block B1 Block B 1 Gulberg III, Lahore, Pakistan, Lahore",Petrol,Peshawar,White,1439,unknownAssembly,manual,1400000,0,0
Suzuki Swift 1.3 DX 2015,Suzuki,Swift,2015,139244,"Ali Trade Centre, MM Alam Road, Block B1 Block B 1 Gulberg III, Lahore, Pakistan, Lahore",Petrol,Peshawar,White,1439,unknownAssembly,manual,1500000,0,0
Suzuki Alto 660cc VXR 2021,Suzuki,Alto,2021,13183,"Shop No 1, 2 Sawera Residency Ground floor Plot no 167 J Block 3 P.E.Cthis .H.S Society Main Khalid Bin Waleed Road Karachi, Karachi",Petrol,Karachi,White,660,unknownAssembly,manual,1730000,1,0
Suzuki Swift 1.3 DX 2014,Suzuki,Swift,2014,121503,"Ali Trade Centre, MM Alam Road, Block B1 Block B 1 Gulberg III, Lahore, Pakistan, Lahore",Petrol,Peshawar,White,1439,unknownAssembly,manual,1370000,0,0
Mercedes Benz E-Class 1.8 E200 Kompressor 2003,Mercedes Benz,E-Class,2003,195478,"Ali Trade Centre, MM Alam Road, Block B1 Block B 1 Gulberg III, Lahore, Pakistan, Lahore",Petrol,Lahore,Black,1439,unknownAssembly,automatic,2500000,0,0
Toyota Corolla 1.3 XLI 2015,Toyota,Corolla,2015,1456,"Shop No 1, 2 Sawera Residency Ground floor Plot no 167 J Block 3 P.E.Cthis .H.S Society Main Khalid Bin Waleed Road Karachi, Karachi",Petrol,Karachi,Black,1439,unknownAssembly,manual,2120000,0,0
Hyundai Santro 1.0 Club GV 2006,Hyundai,Santro,2006,190110,"Shop No 1, 2 Sawera Residency Ground floor Plot no 167 J Block 3 P.E.Cthis .H.S Society Main Khalid Bin Waleed Road Karachi, Karachi",PetrolCompressedNaturalGas,Karachi,White,1439,unknownAssembly,manual,780000,0,0
Toyota Corolla 1.3 GLI 2002,Toyota,Corolla,2002,178861,"Plot, gate # 1, old bulb factory, near hamza qausia lawn & edhi center, hassan square Karachi., Karachi",Petrol,Karachi,Green,1439,unknownAssembly,manual,1350000,0,0
Honda Civic 1.8 i-VTEC Oriel CVT UG - FaceLift 2019,Honda,Civic,2019,84956,"Shop No 1, 2 Sawera Residency Ground floor Plot no 167 J Block 3 P.E.Cthis .H.S Society Main Khalid Bin Waleed Road Karachi, Karachi",Petrol,Karachi,Black,1439,unknownAssembly,automatic,3950000,0,0
